analysis,group_split,target,feature,logreg_std_coef,logreg_abs_coef,rf_importance
segment_individual_engagement_base_all,all,engagement_target,segment_duration_s,-0.4022138660511175,0.4022138660511175,0.11869410198324745
segment_individual_engagement_base_all,all,engagement_target,word_count,0.9532120150329121,0.9532120150329121,0.07753908632538829
segment_individual_engagement_base_all,all,engagement_target,avg_word_length,0.19443296280452008,0.19443296280452008,0.09052584989885934
segment_individual_engagement_base_all,all,engagement_target,words_per_second,-0.1024988636456419,0.1024988636456419,0.09967938279649967
segment_individual_engagement_base_all,all,engagement_target,question,-0.07696399951956348,0.07696399951956348,0.007916232463459105
segment_individual_engagement_base_all,all,engagement_target,statement,0.07696399951956316,0.07696399951956316,0.00834577082209199
segment_individual_engagement_base_all,all,engagement_target,sentiment_p_blue_mean,0.015996584323745157,0.015996584323745157,0.07489787416574374
segment_individual_engagement_base_all,all,engagement_target,sentiment_p_green_mean,0.09275763842089614,0.09275763842089614,0.05427481594993451
segment_individual_engagement_base_all,all,engagement_target,sentiment_p_red_mean,0.03979802713005626,0.03979802713005626,0.03247909073157611
segment_individual_engagement_base_all,all,engagement_target,arousal_mean,0.3462815299831686,0.3462815299831686,0.12936995727687906
segment_individual_engagement_base_all,all,engagement_target,dominance_mean,-0.3763757855079098,0.3763757855079098,0.1357168679631978
segment_individual_engagement_base_all,all,engagement_target,valence_mean,0.057496654675566645,0.057496654675566645,0.13958707807193352
segment_individual_engagement_base_all,all,engagement_target,role_p_green,0.5281801738959943,0.5281801738959943,0.016262631445473096
segment_individual_engagement_base_all,all,engagement_target,role_p_red,0.5140182140606973,0.5140182140606973,0.014711260105716524
segment_individual_engagement_paralinguistic_all,all,engagement_target,segment_duration_s,-0.4531790515145812,0.4531790515145812,0.198450875776967
segment_individual_engagement_paralinguistic_all,all,engagement_target,word_count,1.0042219058289996,1.0042219058289996,0.1124120192356985
segment_individual_engagement_paralinguistic_all,all,engagement_target,avg_word_length,0.17343136164101433,0.17343136164101433,0.16668345564823062
segment_individual_engagement_paralinguistic_all,all,engagement_target,words_per_second,-0.1118747552188558,0.1118747552188558,0.1830557451411405
segment_individual_engagement_paralinguistic_all,all,engagement_target,question,-0.07769755334878255,0.07769755334878255,0.010012775934941895
segment_individual_engagement_paralinguistic_all,all,engagement_target,statement,0.07769755334878214,0.07769755334878214,0.0094418765589662
segment_individual_engagement_paralinguistic_all,all,engagement_target,sentiment_p_blue_mean,0.009791383443806933,0.009791383443806933,0.12514847483951652
segment_individual_engagement_paralinguistic_all,all,engagement_target,sentiment_p_green_mean,0.0898343840806814,0.0898343840806814,0.1113006468695276
segment_individual_engagement_paralinguistic_all,all,engagement_target,sentiment_p_red_mean,0.040900011680919425,0.040900011680919425,0.05326290543824971
segment_individual_engagement_paralinguistic_all,all,engagement_target,role_p_green,0.5138625755272249,0.5138625755272249,0.014562288216257125
segment_individual_engagement_paralinguistic_all,all,engagement_target,role_p_red,0.5302588551898595,0.5302588551898595,0.01566893634050441
segment_individual_engagement_audio_all,all,engagement_target,arousal_mean,0.29536825189870175,0.29536825189870175,0.3041415182815366
segment_individual_engagement_audio_all,all,engagement_target,dominance_mean,-0.33499283012251635,0.33499283012251635,0.31332697427857276
segment_individual_engagement_audio_all,all,engagement_target,valence_mean,0.09016849246319959,0.09016849246319959,0.3176583740692778
segment_individual_engagement_audio_all,all,engagement_target,role_p_green,0.46791348983298725,0.46791348983298725,0.03436093811842857
segment_individual_engagement_audio_all,all,engagement_target,role_p_red,0.4762128098956002,0.4762128098956002,0.030512195252184283
segment_individual_engagement_base_D,D,engagement_target,segment_duration_s,-0.5298185210311184,0.5298185210311184,0.10970927871916582
segment_individual_engagement_base_D,D,engagement_target,word_count,0.9381628857262028,0.9381628857262028,0.07124825657130104
segment_individual_engagement_base_D,D,engagement_target,avg_word_length,0.1229829577338708,0.1229829577338708,0.0828307350213723
segment_individual_engagement_base_D,D,engagement_target,words_per_second,-0.13089404092669635,0.13089404092669635,0.09863314176318615
segment_individual_engagement_base_D,D,engagement_target,question,-0.08406065082402439,0.08406065082402439,0.0075417431233849854
segment_individual_engagement_base_D,D,engagement_target,statement,0.0840606508240246,0.0840606508240246,0.008554783805621864
segment_individual_engagement_base_D,D,engagement_target,sentiment_p_blue_mean,0.058207751772362266,0.058207751772362266,0.08160605089738748
segment_individual_engagement_base_D,D,engagement_target,sentiment_p_green_mean,0.09635916490771392,0.09635916490771392,0.08099514103420791
segment_individual_engagement_base_D,D,engagement_target,sentiment_p_red_mean,0.0,0.0,0.0
segment_individual_engagement_base_D,D,engagement_target,arousal_mean,-0.11366870217436117,0.11366870217436117,0.13436165321753357
segment_individual_engagement_base_D,D,engagement_target,dominance_mean,-0.1171129997851408,0.1171129997851408,0.12022631542796199
segment_individual_engagement_base_D,D,engagement_target,valence_mean,0.20779360186543094,0.20779360186543094,0.1395288850134954
segment_individual_engagement_base_D,D,engagement_target,role_p_green,0.8468489653960688,0.8468489653960688,0.06476401540538161
segment_individual_engagement_paralinguistic_D,D,engagement_target,segment_duration_s,-0.621935200606279,0.621935200606279,0.18526795695181897
segment_individual_engagement_paralinguistic_D,D,engagement_target,word_count,1.026359405594609,1.026359405594609,0.10808040384127875
segment_individual_engagement_paralinguistic_D,D,engagement_target,avg_word_length,0.12471831497127629,0.12471831497127629,0.15944707424335502
segment_individual_engagement_paralinguistic_D,D,engagement_target,words_per_second,-0.15043218831034982,0.15043218831034982,0.17729164922220186
segment_individual_engagement_paralinguistic_D,D,engagement_target,question,-0.08874952606747194,0.08874952606747194,0.009535114473068141
segment_individual_engagement_paralinguistic_D,D,engagement_target,statement,0.08874952606747169,0.08874952606747169,0.00934559755046575
segment_individual_engagement_paralinguistic_D,D,engagement_target,sentiment_p_blue_mean,0.06816117354170165,0.06816117354170165,0.13246524230267578
segment_individual_engagement_paralinguistic_D,D,engagement_target,sentiment_p_green_mean,0.09350362007196097,0.09350362007196097,0.1411343399104229
segment_individual_engagement_paralinguistic_D,D,engagement_target,sentiment_p_red_mean,0.0,0.0,0.0
segment_individual_engagement_paralinguistic_D,D,engagement_target,role_p_green,0.8085329700003187,0.8085329700003187,0.07743262150471283
segment_individual_engagement_audio_D,D,engagement_target,arousal_mean,-0.13830770074573234,0.13830770074573234,0.2901983996741221
segment_individual_engagement_audio_D,D,engagement_target,dominance_mean,-0.09488686860943307,0.09488686860943307,0.279990026029192
segment_individual_engagement_audio_D,D,engagement_target,valence_mean,0.2480030469281749,0.2480030469281749,0.3014727446571349
segment_individual_engagement_audio_D,D,engagement_target,role_p_green,0.786898604909899,0.786898604909899,0.12833882963955112
segment_individual_engagement_base_T,T,engagement_target,segment_duration_s,-0.2318870785789789,0.2318870785789789,0.12094021488551053
segment_individual_engagement_base_T,T,engagement_target,word_count,0.8985173921311606,0.8985173921311606,0.08127317767899583
segment_individual_engagement_base_T,T,engagement_target,avg_word_length,0.2723775920898457,0.2723775920898457,0.09293138774212284
segment_individual_engagement_base_T,T,engagement_target,words_per_second,-0.0175369005759746,0.0175369005759746,0.0974929119759784
segment_individual_engagement_base_T,T,engagement_target,question,-0.0930347351041614,0.0930347351041614,0.009203782237600511
segment_individual_engagement_base_T,T,engagement_target,statement,0.0930347351041613,0.0930347351041613,0.00999283777305472
segment_individual_engagement_base_T,T,engagement_target,sentiment_p_blue_mean,0.01374428260779653,0.01374428260779653,0.052275525906627276
segment_individual_engagement_base_T,T,engagement_target,sentiment_p_green_mean,0.08080353057703724,0.08080353057703724,0.054741934538929
segment_individual_engagement_base_T,T,engagement_target,sentiment_p_red_mean,0.06383612426241399,0.06383612426241399,0.05598713267755819
segment_individual_engagement_base_T,T,engagement_target,arousal_mean,0.6810035483297681,0.6810035483297681,0.13172303184805104
segment_individual_engagement_base_T,T,engagement_target,dominance_mean,-0.5981457554495146,0.5981457554495146,0.138109039368163
segment_individual_engagement_base_T,T,engagement_target,valence_mean,-0.06718881680198262,0.06718881680198262,0.13037663406687697
segment_individual_engagement_base_T,T,engagement_target,role_p_green,0.17164379215458192,0.17164379215458192,0.011139858240004078
segment_individual_engagement_base_T,T,engagement_target,role_p_red,0.3230731668848673,0.3230731668848673,0.013812531060527678
segment_individual_engagement_paralinguistic_T,T,engagement_target,segment_duration_s,-0.2925405149532803,0.2925405149532803,0.19631549162837295
segment_individual_engagement_paralinguistic_T,T,engagement_target,word_count,0.970215680984311,0.970215680984311,0.11466645462858763
segment_individual_engagement_paralinguistic_T,T,engagement_target,avg_word_length,0.24251510273779284,0.24251510273779284,0.16224451661071584
segment_individual_engagement_paralinguistic_T,T,engagement_target,words_per_second,-0.045769159596416184,0.045769159596416184,0.1810778452739121
segment_individual_engagement_paralinguistic_T,T,engagement_target,question,-0.07763652040307753,0.07763652040307753,0.010981836595608188
segment_individual_engagement_paralinguistic_T,T,engagement_target,statement,0.07763652040307738,0.07763652040307738,0.01214100699163576
segment_individual_engagement_paralinguistic_T,T,engagement_target,sentiment_p_blue_mean,0.015232895646188772,0.015232895646188772,0.09424424287307646
segment_individual_engagement_paralinguistic_T,T,engagement_target,sentiment_p_green_mean,0.07732800121920917,0.07732800121920917,0.10148380679866988
segment_individual_engagement_paralinguistic_T,T,engagement_target,sentiment_p_red_mean,0.06588684264695463,0.06588684264695463,0.09896764278287862
segment_individual_engagement_paralinguistic_T,T,engagement_target,role_p_green,0.12824668684299265,0.12824668684299265,0.012821461514740585
segment_individual_engagement_paralinguistic_T,T,engagement_target,role_p_red,0.3477947343632453,0.3477947343632453,0.015055694301802078
segment_individual_engagement_audio_T,T,engagement_target,arousal_mean,0.6182239134685629,0.6182239134685629,0.3152955658107736
segment_individual_engagement_audio_T,T,engagement_target,dominance_mean,-0.5543699256772576,0.5543699256772576,0.33096550354538046
segment_individual_engagement_audio_T,T,engagement_target,valence_mean,-0.041751419638352334,0.041751419638352334,0.3062323779231705
segment_individual_engagement_audio_T,T,engagement_target,role_p_green,0.14728739520398837,0.14728739520398837,0.02217156032644726
segment_individual_engagement_audio_T,T,engagement_target,role_p_red,0.28130820137339796,0.28130820137339796,0.02533499239422833
segment_group_task_engagement_base_all,all,task_engagement,segment_duration_s,0.3170612632175043,0.3170612632175043,0.11603752861324526
segment_group_task_engagement_base_all,all,task_engagement,word_count,0.08932844186178834,0.08932844186178834,0.0703572769985606
segment_group_task_engagement_base_all,all,task_engagement,avg_word_length,-0.11052013651134078,0.11052013651134078,0.09830722485356061
segment_group_task_engagement_base_all,all,task_engagement,words_per_second,0.2104044989825139,0.2104044989825139,0.1119414317260445
segment_group_task_engagement_base_all,all,task_engagement,question,-0.15522019810339047,0.15522019810339047,0.011214150821949587
segment_group_task_engagement_base_all,all,task_engagement,statement,0.15522019810339122,0.15522019810339122,0.014124378547300118
segment_group_task_engagement_base_all,all,task_engagement,sentiment_p_blue_mean,0.11403144571591636,0.11403144571591636,0.062081754376410316
segment_group_task_engagement_base_all,all,task_engagement,sentiment_p_green_mean,0.016810212012112878,0.016810212012112878,0.06789637876013
segment_group_task_engagement_base_all,all,task_engagement,sentiment_p_red_mean,-0.04712417775959978,0.04712417775959978,0.03221982391812285
segment_group_task_engagement_base_all,all,task_engagement,arousal_mean,0.18842577660915724,0.18842577660915724,0.13055170819857512
segment_group_task_engagement_base_all,all,task_engagement,dominance_mean,-0.22820712206537225,0.22820712206537225,0.1292887531571086
segment_group_task_engagement_base_all,all,task_engagement,valence_mean,0.09483324935226499,0.09483324935226499,0.1348309028382602
segment_group_task_engagement_base_all,all,task_engagement,role_p_green,-0.09656971415012194,0.09656971415012194,0.010387292264218561
segment_group_task_engagement_base_all,all,task_engagement,role_p_red,-0.2592654635055091,0.2592654635055091,0.010761394926513772
segment_group_task_engagement_paralinguistic_all,all,task_engagement,segment_duration_s,0.28562949740516497,0.28562949740516497,0.19675703460059954
segment_group_task_engagement_paralinguistic_all,all,task_engagement,word_count,0.11986242767630655,0.11986242767630655,0.10220399487710727
segment_group_task_engagement_paralinguistic_all,all,task_engagement,avg_word_length,-0.12185622953063806,0.12185622953063806,0.16888160964618235
segment_group_task_engagement_paralinguistic_all,all,task_engagement,words_per_second,0.22532509391450556,0.22532509391450556,0.1956280861555138
segment_group_task_engagement_paralinguistic_all,all,task_engagement,question,-0.15841361179239022,0.15841361179239022,0.015359985561913212
segment_group_task_engagement_paralinguistic_all,all,task_engagement,statement,0.15841361179239075,0.15841361179239075,0.012456349811040187
segment_group_task_engagement_paralinguistic_all,all,task_engagement,sentiment_p_blue_mean,0.10887859032778066,0.10887859032778066,0.1090689226739713
segment_group_task_engagement_paralinguistic_all,all,task_engagement,sentiment_p_green_mean,0.016605969904090422,0.016605969904090422,0.12356894627239655
segment_group_task_engagement_paralinguistic_all,all,task_engagement,sentiment_p_red_mean,-0.0459071841876678,0.0459071841876678,0.05310493607803211
segment_group_task_engagement_paralinguistic_all,all,task_engagement,role_p_green,-0.10069680399558847,0.10069680399558847,0.01157114417844876
segment_group_task_engagement_paralinguistic_all,all,task_engagement,role_p_red,-0.25045385709703943,0.25045385709703943,0.011398990144794929
segment_group_task_engagement_audio_all,all,task_engagement,arousal_mean,0.17788380833633152,0.17788380833633152,0.32042557152415047
segment_group_task_engagement_audio_all,all,task_engagement,dominance_mean,-0.21601856784557164,0.21601856784557164,0.3245185021694223
segment_group_task_engagement_audio_all,all,task_engagement,valence_mean,0.1290294553224981,0.1290294553224981,0.3245001688492241
segment_group_task_engagement_audio_all,all,task_engagement,role_p_green,-0.07671494356768727,0.07671494356768727,0.016900210591991816
segment_group_task_engagement_audio_all,all,task_engagement,role_p_red,-0.21549684337602473,0.21549684337602473,0.013655546865211298
segment_group_task_engagement_base_D,D,task_engagement,segment_duration_s,0.44021817788796674,0.44021817788796674,0.11804195962725075
segment_group_task_engagement_base_D,D,task_engagement,word_count,-0.037622587828928265,0.037622587828928265,0.06755612135450868
segment_group_task_engagement_base_D,D,task_engagement,avg_word_length,-0.07903055633144673,0.07903055633144673,0.09581276763384293
segment_group_task_engagement_base_D,D,task_engagement,words_per_second,0.14105808586015953,0.14105808586015953,0.11194777973281651
segment_group_task_engagement_base_D,D,task_engagement,question,-0.10314312801662515,0.10314312801662515,0.008915632368844547
segment_group_task_engagement_base_D,D,task_engagement,statement,0.10314312801662534,0.10314312801662534,0.010015792152709839
segment_group_task_engagement_base_D,D,task_engagement,sentiment_p_blue_mean,0.11118755464342686,0.11118755464342686,0.06973032611524815
segment_group_task_engagement_base_D,D,task_engagement,sentiment_p_green_mean,0.009663258024268003,0.009663258024268003,0.08477547581306556
segment_group_task_engagement_base_D,D,task_engagement,sentiment_p_red_mean,0.0,0.0,0.0
segment_group_task_engagement_base_D,D,task_engagement,arousal_mean,0.5567718682187051,0.5567718682187051,0.13413294805745749
segment_group_task_engagement_base_D,D,task_engagement,dominance_mean,-0.5962752057776387,0.5962752057776387,0.13763716849755273
segment_group_task_engagement_base_D,D,task_engagement,valence_mean,0.29715144367615465,0.29715144367615465,0.1499887766250619
segment_group_task_engagement_base_D,D,task_engagement,role_p_green,-0.09746160012195061,0.09746160012195061,0.011445252021640966
segment_group_task_engagement_paralinguistic_D,D,task_engagement,segment_duration_s,0.28895249053227556,0.28895249053227556,0.20401472582079622
segment_group_task_engagement_paralinguistic_D,D,task_engagement,word_count,0.10828915404883407,0.10828915404883407,0.10101080239797584
segment_group_task_engagement_paralinguistic_D,D,task_engagement,avg_word_length,-0.12643097382204915,0.12643097382204915,0.17374299888741762
segment_group_task_engagement_paralinguistic_D,D,task_engagement,words_per_second,0.18853932342300525,0.18853932342300525,0.20261623082931396
segment_group_task_engagement_paralinguistic_D,D,task_engagement,question,-0.12135009830009387,0.12135009830009387,0.011692233685585522
segment_group_task_engagement_paralinguistic_D,D,task_engagement,statement,0.12135009830009409,0.12135009830009409,0.01101568179847883
segment_group_task_engagement_paralinguistic_D,D,task_engagement,sentiment_p_blue_mean,0.07801593796058401,0.07801593796058401,0.12675812747123943
segment_group_task_engagement_paralinguistic_D,D,task_engagement,sentiment_p_green_mean,0.004885985288880297,0.004885985288880297,0.15789859856182112
segment_group_task_engagement_paralinguistic_D,D,task_engagement,sentiment_p_red_mean,0.0,0.0,0.0
segment_group_task_engagement_paralinguistic_D,D,task_engagement,role_p_green,-0.10696704216420853,0.10696704216420853,0.011250600547371493
segment_group_task_engagement_audio_D,D,task_engagement,arousal_mean,0.5411330658316986,0.5411330658316986,0.3156043183503467
segment_group_task_engagement_audio_D,D,task_engagement,dominance_mean,-0.5623200494370709,0.5623200494370709,0.3235439126756622
segment_group_task_engagement_audio_D,D,task_engagement,valence_mean,0.30605147898062723,0.30605147898062723,0.3239573351742951
segment_group_task_engagement_audio_D,D,task_engagement,role_p_green,-0.08011590239460041,0.08011590239460041,0.036894433799695925
segment_group_task_engagement_base_T,T,task_engagement,segment_duration_s,0.44181686217977156,0.44181686217977156,0.12354204095173495
segment_group_task_engagement_base_T,T,task_engagement,word_count,0.033791570369994306,0.033791570369994306,0.07815217388086547
segment_group_task_engagement_base_T,T,task_engagement,avg_word_length,-0.11153886347243969,0.11153886347243969,0.09566110616496684
segment_group_task_engagement_base_T,T,task_engagement,words_per_second,0.1618199853539674,0.1618199853539674,0.11133872143369072
segment_group_task_engagement_base_T,T,task_engagement,question,-0.2077701381459157,0.2077701381459157,0.013477543755750613
segment_group_task_engagement_base_T,T,task_engagement,statement,0.20777013814591563,0.20777013814591563,0.018605228714448814
segment_group_task_engagement_base_T,T,task_engagement,sentiment_p_blue_mean,0.11043228122080093,0.11043228122080093,0.0540432189240802
segment_group_task_engagement_base_T,T,task_engagement,sentiment_p_green_mean,0.029029590738638894,0.029029590738638894,0.052734370960666
segment_group_task_engagement_base_T,T,task_engagement,sentiment_p_red_mean,-0.06072118355547714,0.06072118355547714,0.05202832416097319
segment_group_task_engagement_base_T,T,task_engagement,arousal_mean,-0.1070002788629202,0.1070002788629202,0.1248386458924211
segment_group_task_engagement_base_T,T,task_engagement,dominance_mean,0.10383416655586572,0.10383416655586572,0.12238547599530897
segment_group_task_engagement_base_T,T,task_engagement,valence_mean,-0.05097802301622236,0.05097802301622236,0.1294866501794808
segment_group_task_engagement_base_T,T,task_engagement,role_p_green,-0.10149094547550139,0.10149094547550139,0.010379005533460908
segment_group_task_engagement_base_T,T,task_engagement,role_p_red,-0.1315422796797398,0.1315422796797398,0.013327493452151468
segment_group_task_engagement_paralinguistic_T,T,task_engagement,segment_duration_s,0.44546843689580645,0.44546843689580645,0.19451543742316263
segment_group_task_engagement_paralinguistic_T,T,task_engagement,word_count,0.028676635091577012,0.028676635091577012,0.1130247065999788
segment_group_task_engagement_paralinguistic_T,T,task_engagement,avg_word_length,-0.10907204172328014,0.10907204172328014,0.1624039834040305
segment_group_task_engagement_paralinguistic_T,T,task_engagement,words_per_second,0.15841723451493364,0.15841723451493364,0.18730878801543
segment_group_task_engagement_paralinguistic_T,T,task_engagement,question,-0.2069648425639408,0.2069648425639408,0.017093641793797805
segment_group_task_engagement_paralinguistic_T,T,task_engagement,statement,0.20696484256394085,0.20696484256394085,0.01819988672055045
segment_group_task_engagement_paralinguistic_T,T,task_engagement,sentiment_p_blue_mean,0.10994392306282573,0.10994392306282573,0.09174934672913239
segment_group_task_engagement_paralinguistic_T,T,task_engagement,sentiment_p_green_mean,0.02903111474440784,0.02903111474440784,0.09473344748912081
segment_group_task_engagement_paralinguistic_T,T,task_engagement,sentiment_p_red_mean,-0.06203114092279988,0.06203114092279988,0.09301952941182945
segment_group_task_engagement_paralinguistic_T,T,task_engagement,role_p_green,-0.09669708239013378,0.09669708239013378,0.013953371116062764
segment_group_task_engagement_paralinguistic_T,T,task_engagement,role_p_red,-0.13153059575541975,0.13153059575541975,0.013997861296904364
segment_group_task_engagement_audio_T,T,task_engagement,arousal_mean,-0.14217389945366327,0.14217389945366327,0.31564423152162396
segment_group_task_engagement_audio_T,T,task_engagement,dominance_mean,0.12661777644531783,0.12661777644531783,0.3157654603179703
segment_group_task_engagement_audio_T,T,task_engagement,valence_mean,0.009231692402465692,0.009231692402465692,0.326038367756091
segment_group_task_engagement_audio_T,T,task_engagement,role_p_green,-0.08100781690172616,0.08100781690172616,0.018736464750023347
segment_group_task_engagement_audio_T,T,task_engagement,role_p_red,-0.09606032189831733,0.09606032189831733,0.023815475654291342
window_60s_individual_engagement_base_all,all,engagement_target,word_count,0.7182088252925461,0.7182088252925461,0.09685155659424285
window_60s_individual_engagement_base_all,all,engagement_target,avg_word_length,0.2944383113260456,0.2944383113260456,0.07290333468117959
window_60s_individual_engagement_base_all,all,engagement_target,words_per_second,0.7182088252925453,0.7182088252925453,0.09225060114589148
window_60s_individual_engagement_base_all,all,engagement_target,sentiment_role,0.26537345178171556,0.26537345178171556,0.07537744932460018
window_60s_individual_engagement_base_all,all,engagement_target,speaking_role,0.48122148987430347,0.48122148987430347,0.11783259396261671
window_60s_individual_engagement_base_all,all,engagement_target,arousal,0.4890617076387042,0.4890617076387042,0.08942790325128187
window_60s_individual_engagement_base_all,all,engagement_target,dominance,-1.110062936656835,1.110062936656835,0.10212551053469258
window_60s_individual_engagement_base_all,all,engagement_target,valence,0.0950516845621055,0.0950516845621055,0.1057482333982265
window_60s_individual_engagement_base_all,all,engagement_target,question_rate,-0.0229600183896622,0.0229600183896622,0.019642792638743398
window_60s_individual_engagement_base_all,all,engagement_target,statement_rate,-0.022543952471669015,0.022543952471669015,0.022210121461781147
window_60s_individual_engagement_base_all,all,engagement_target,segment_count,-0.17321956659437418,0.17321956659437418,0.05269347145742245
window_60s_individual_engagement_base_all,all,engagement_target,speaking_seconds,-0.7693738658939098,0.7693738658939098,0.10369845099014652
window_60s_individual_engagement_base_all,all,engagement_target,role_p_green,0.6416442483935688,0.6416442483935688,0.032299457517272326
window_60s_individual_engagement_base_all,all,engagement_target,role_p_red,0.3644155207221126,0.3644155207221126,0.01693852304190241
window_60s_individual_engagement_paralinguistic_all,all,engagement_target,word_count,0.8204097703732032,0.8204097703732032,0.10680328983317085
window_60s_individual_engagement_paralinguistic_all,all,engagement_target,avg_word_length,0.24433291040869679,0.24433291040869679,0.11315069456415913
window_60s_individual_engagement_paralinguistic_all,all,engagement_target,words_per_second,0.8204097703732031,0.8204097703732031,0.13794494467062707
window_60s_individual_engagement_paralinguistic_all,all,engagement_target,sentiment_role,0.19973556295610492,0.19973556295610492,0.11961365221021879
window_60s_individual_engagement_paralinguistic_all,all,engagement_target,speaking_role,0.340663585742121,0.340663585742121,0.17432824354876889
window_60s_individual_engagement_paralinguistic_all,all,engagement_target,question_rate,-0.07086127235738018,0.07086127235738018,0.030404573033825447
window_60s_individual_engagement_paralinguistic_all,all,engagement_target,statement_rate,-0.02282783165358065,0.02282783165358065,0.03056013353904598
window_60s_individual_engagement_paralinguistic_all,all,engagement_target,segment_count,-0.2552093012550272,0.2552093012550272,0.07570371037069998
window_60s_individual_engagement_paralinguistic_all,all,engagement_target,speaking_seconds,-0.7232642289057578,0.7232642289057578,0.15290489877210947
window_60s_individual_engagement_paralinguistic_all,all,engagement_target,role_p_green,0.6103003106578389,0.6103003106578389,0.03652730646162513
window_60s_individual_engagement_paralinguistic_all,all,engagement_target,role_p_red,0.3724707405362044,0.3724707405362044,0.02205855299574933
window_60s_individual_engagement_audio_all,all,engagement_target,arousal,0.28680552549634264,0.28680552549634264,0.2599448844838585
window_60s_individual_engagement_audio_all,all,engagement_target,dominance,-0.9997509726983721,0.9997509726983721,0.2867936857036736
window_60s_individual_engagement_audio_all,all,engagement_target,valence,0.2473220267041917,0.2473220267041917,0.3092959098768629
window_60s_individual_engagement_audio_all,all,engagement_target,role_p_green,0.5570569512577408,0.5570569512577408,0.0774852233650776
window_60s_individual_engagement_audio_all,all,engagement_target,role_p_red,0.22795672913249737,0.22795672913249737,0.0664802965705275
window_60s_individual_engagement_base_D,D,engagement_target,word_count,0.9362426082352421,0.9362426082352421,0.09105700279955169
window_60s_individual_engagement_base_D,D,engagement_target,avg_word_length,0.6793742056560954,0.6793742056560954,0.07446416300379317
window_60s_individual_engagement_base_D,D,engagement_target,words_per_second,0.9362426082352415,0.9362426082352415,0.08564835281850075
window_60s_individual_engagement_base_D,D,engagement_target,sentiment_role,0.14328834711928354,0.14328834711928354,0.07286776951530148
window_60s_individual_engagement_base_D,D,engagement_target,speaking_role,0.019380122609271914,0.019380122609271914,0.10912231333513153
window_60s_individual_engagement_base_D,D,engagement_target,arousal,-0.08700414080673154,0.08700414080673154,0.08112320083538012
window_60s_individual_engagement_base_D,D,engagement_target,dominance,-0.2630137482389405,0.2630137482389405,0.07526773974034211
window_60s_individual_engagement_base_D,D,engagement_target,valence,0.6442970632973843,0.6442970632973843,0.12489153905523541
window_60s_individual_engagement_base_D,D,engagement_target,question_rate,-0.2670648726068392,0.2670648726068392,0.02200261085429616
window_60s_individual_engagement_base_D,D,engagement_target,statement_rate,-0.5763053454287146,0.5763053454287146,0.02342754396044701
window_60s_individual_engagement_base_D,D,engagement_target,segment_count,-0.2523803195919643,0.2523803195919643,0.052717905292545816
window_60s_individual_engagement_base_D,D,engagement_target,speaking_seconds,-0.9427439957145521,0.9427439957145521,0.08712615910705358
window_60s_individual_engagement_base_D,D,engagement_target,role_p_green,1.0690498585407497,1.0690498585407497,0.10028369968242114
window_60s_individual_engagement_paralinguistic_D,D,engagement_target,word_count,1.0396265378344112,1.0396265378344112,0.12194624298218583
window_60s_individual_engagement_paralinguistic_D,D,engagement_target,avg_word_length,0.6463227293619119,0.6463227293619119,0.11288022436006213
window_60s_individual_engagement_paralinguistic_D,D,engagement_target,words_per_second,1.0396265378344107,1.0396265378344107,0.11222664641467903
window_60s_individual_engagement_paralinguistic_D,D,engagement_target,sentiment_role,0.1398671851842164,0.1398671851842164,0.10793082364029054
window_60s_individual_engagement_paralinguistic_D,D,engagement_target,speaking_role,0.1277007417046489,0.1277007417046489,0.1536537763688429
window_60s_individual_engagement_paralinguistic_D,D,engagement_target,question_rate,-0.3282301054287216,0.3282301054287216,0.030394287359946422
window_60s_individual_engagement_paralinguistic_D,D,engagement_target,statement_rate,-0.5168677988099344,0.5168677988099344,0.03550117471850674
window_60s_individual_engagement_paralinguistic_D,D,engagement_target,segment_count,-0.29443092121443476,0.29443092121443476,0.0857246414541121
window_60s_individual_engagement_paralinguistic_D,D,engagement_target,speaking_seconds,-1.0925892271311064,1.0925892271311064,0.12671477031437794
window_60s_individual_engagement_paralinguistic_D,D,engagement_target,role_p_green,1.0308048742621627,1.0308048742621627,0.11302741238699639
window_60s_individual_engagement_audio_D,D,engagement_target,arousal,-0.04654302816257952,0.04654302816257952,0.23175325224692753
window_60s_individual_engagement_audio_D,D,engagement_target,dominance,-0.4905815300720973,0.4905815300720973,0.2443223453003543
window_60s_individual_engagement_audio_D,D,engagement_target,valence,0.7931547152692868,0.7931547152692868,0.3352642603181607
window_60s_individual_engagement_audio_D,D,engagement_target,role_p_green,0.9178820069093259,0.9178820069093259,0.1886601421345576
window_60s_individual_engagement_base_T,T,engagement_target,word_count,0.22722870476338278,0.22722870476338278,0.10628346378783156
window_60s_individual_engagement_base_T,T,engagement_target,avg_word_length,0.09197435126176219,0.09197435126176219,0.06808113477476575
window_60s_individual_engagement_base_T,T,engagement_target,words_per_second,0.2272287047633829,0.2272287047633829,0.0949572524700348
window_60s_individual_engagement_base_T,T,engagement_target,sentiment_role,0.42373957316277017,0.42373957316277017,0.07903949508865389
window_60s_individual_engagement_base_T,T,engagement_target,speaking_role,0.7529014306390059,0.7529014306390059,0.11107514259374014
window_60s_individual_engagement_base_T,T,engagement_target,arousal,0.7215309938687462,0.7215309938687462,0.07743733061271905
window_60s_individual_engagement_base_T,T,engagement_target,dominance,-1.4385768087338535,1.4385768087338535,0.12543368202169353
window_60s_individual_engagement_base_T,T,engagement_target,valence,-0.22410648502646027,0.22410648502646027,0.08711492439568022
window_60s_individual_engagement_base_T,T,engagement_target,question_rate,-0.008260882922231455,0.008260882922231455,0.018772134122658036
window_60s_individual_engagement_base_T,T,engagement_target,statement_rate,0.15662329672240613,0.15662329672240613,0.0198894864989743
window_60s_individual_engagement_base_T,T,engagement_target,segment_count,0.16824436114810504,0.16824436114810504,0.06030791931622933
window_60s_individual_engagement_base_T,T,engagement_target,speaking_seconds,0.05368393396682846,0.05368393396682846,0.11003227772566188
window_60s_individual_engagement_base_T,T,engagement_target,role_p_green,0.2925481410413823,0.2925481410413823,0.023627123028676617
window_60s_individual_engagement_base_T,T,engagement_target,role_p_red,0.12173725736776102,0.12173725736776102,0.01794863356268102
window_60s_individual_engagement_paralinguistic_T,T,engagement_target,word_count,0.3512307264309512,0.3512307264309512,0.11942395447657041
window_60s_individual_engagement_paralinguistic_T,T,engagement_target,avg_word_length,0.05678669963792949,0.05678669963792949,0.10296108650899145
window_60s_individual_engagement_paralinguistic_T,T,engagement_target,words_per_second,0.3512307264309504,0.3512307264309504,0.14095325097236938
window_60s_individual_engagement_paralinguistic_T,T,engagement_target,sentiment_role,0.3472372360942453,0.3472372360942453,0.1338438351894953
window_60s_individual_engagement_paralinguistic_T,T,engagement_target,speaking_role,0.4751486467526861,0.4751486467526861,0.16530424439620886
window_60s_individual_engagement_paralinguistic_T,T,engagement_target,question_rate,-0.07620051812497641,0.07620051812497641,0.025782125542651267
window_60s_individual_engagement_paralinguistic_T,T,engagement_target,statement_rate,0.09529786801213375,0.09529786801213375,0.03265196954671277
window_60s_individual_engagement_paralinguistic_T,T,engagement_target,segment_count,0.12457255182043125,0.12457255182043125,0.0718960043154323
window_60s_individual_engagement_paralinguistic_T,T,engagement_target,speaking_seconds,0.1209452480709977,0.1209452480709977,0.15543407618628757
window_60s_individual_engagement_paralinguistic_T,T,engagement_target,role_p_green,0.29091042558796415,0.29091042558796415,0.03146823558915273
window_60s_individual_engagement_paralinguistic_T,T,engagement_target,role_p_red,0.1156536377883279,0.1156536377883279,0.020281217276128118
window_60s_individual_engagement_audio_T,T,engagement_target,arousal,0.3819320472076078,0.3819320472076078,0.23664423394813078
window_60s_individual_engagement_audio_T,T,engagement_target,dominance,-1.1415600997514856,1.1415600997514856,0.2883274241321057
window_60s_individual_engagement_audio_T,T,engagement_target,valence,-0.041866896363351544,0.041866896363351544,0.28693419206010773
window_60s_individual_engagement_audio_T,T,engagement_target,role_p_green,0.33434551946544083,0.33434551946544083,0.08675801841300666
window_60s_individual_engagement_audio_T,T,engagement_target,role_p_red,0.16577494395580705,0.16577494395580705,0.10133613144664917
window_60s_group_task_engagement_base_all,all,task_engagement,word_count,0.30989113395883094,0.30989113395883094,0.0635775974790088
window_60s_group_task_engagement_base_all,all,task_engagement,avg_word_length,0.05110094301917637,0.05110094301917637,0.06281717684775961
window_60s_group_task_engagement_base_all,all,task_engagement,words_per_second,0.3098911339588298,0.3098911339588298,0.0667928951297905
window_60s_group_task_engagement_base_all,all,task_engagement,sentiment_role,0.07488434319565371,0.07488434319565371,0.0670698385289466
window_60s_group_task_engagement_base_all,all,task_engagement,speaking_role,-0.018449842023603464,0.018449842023603464,0.06646189638316444
window_60s_group_task_engagement_base_all,all,task_engagement,arousal,0.1927082701957057,0.1927082701957057,0.12129415042184039
window_60s_group_task_engagement_base_all,all,task_engagement,dominance,-1.4308354995721226,1.4308354995721226,0.1788898537820901
window_60s_group_task_engagement_base_all,all,task_engagement,valence,0.5766291269845201,0.5766291269845201,0.15931514834628777
window_60s_group_task_engagement_base_all,all,task_engagement,question_rate,-0.35118415404329606,0.35118415404329606,0.03719803870283647
window_60s_group_task_engagement_base_all,all,task_engagement,statement_rate,-0.021779027612189354,0.021779027612189354,0.037628716349633794
window_60s_group_task_engagement_base_all,all,task_engagement,segment_count,-0.1296408190604452,0.1296408190604452,0.04696941531879639
window_60s_group_task_engagement_base_all,all,task_engagement,speaking_seconds,-0.2136817130324946,0.2136817130324946,0.07315839641021951
window_60s_group_task_engagement_base_all,all,task_engagement,role_p_green,0.01564378805955796,0.01564378805955796,0.009581300224165172
window_60s_group_task_engagement_base_all,all,task_engagement,role_p_red,-0.17301568692079006,0.17301568692079006,0.00924557607546052
window_60s_group_task_engagement_paralinguistic_all,all,task_engagement,word_count,0.4585256385871231,0.4585256385871231,0.11216736518267564
window_60s_group_task_engagement_paralinguistic_all,all,task_engagement,avg_word_length,0.01820476552031968,0.01820476552031968,0.12108270591629891
window_60s_group_task_engagement_paralinguistic_all,all,task_engagement,words_per_second,0.45852563858712253,0.45852563858712253,0.12144604356021205
window_60s_group_task_engagement_paralinguistic_all,all,task_engagement,sentiment_role,0.029877398225398512,0.029877398225398512,0.13798993266233942
window_60s_group_task_engagement_paralinguistic_all,all,task_engagement,speaking_role,-0.05135763733725491,0.05135763733725491,0.14209468185155844
window_60s_group_task_engagement_paralinguistic_all,all,task_engagement,question_rate,-0.37090173463794274,0.37090173463794274,0.053761349921126314
window_60s_group_task_engagement_paralinguistic_all,all,task_engagement,statement_rate,0.062420519259432136,0.062420519259432136,0.05830823527414157
window_60s_group_task_engagement_paralinguistic_all,all,task_engagement,segment_count,-0.3400396544508614,0.3400396544508614,0.0721016333398888
window_60s_group_task_engagement_paralinguistic_all,all,task_engagement,speaking_seconds,-0.1721829491178231,0.1721829491178231,0.1396203128846705
window_60s_group_task_engagement_paralinguistic_all,all,task_engagement,role_p_green,0.017328165951834264,0.017328165951834264,0.024839673310954893
window_60s_group_task_engagement_paralinguistic_all,all,task_engagement,role_p_red,-0.08337592382035802,0.08337592382035802,0.016588066096133548
window_60s_group_task_engagement_audio_all,all,task_engagement,arousal,0.20151508731038933,0.20151508731038933,0.29913398678525094
window_60s_group_task_engagement_audio_all,all,task_engagement,dominance,-1.5400319088335612,1.5400319088335612,0.35445905950754186
window_60s_group_task_engagement_audio_all,all,task_engagement,valence,0.6623927474226742,0.6623927474226742,0.3302453812143749
window_60s_group_task_engagement_audio_all,all,task_engagement,role_p_green,0.0010669257962115928,0.0010669257962115928,0.006211649389019408
window_60s_group_task_engagement_audio_all,all,task_engagement,role_p_red,-0.19850239231591468,0.19850239231591468,0.009949923103812769
window_60s_group_task_engagement_base_D,D,task_engagement,word_count,0.28097168897135916,0.28097168897135916,0.05272422925172499
window_60s_group_task_engagement_base_D,D,task_engagement,avg_word_length,-0.03091115987613567,0.03091115987613567,0.06008332587540543
window_60s_group_task_engagement_base_D,D,task_engagement,words_per_second,0.28097168897135977,0.28097168897135977,0.06129116537389329
window_60s_group_task_engagement_base_D,D,task_engagement,sentiment_role,-0.15317002734071397,0.15317002734071397,0.0841110301857393
window_60s_group_task_engagement_base_D,D,task_engagement,speaking_role,0.14043283875840765,0.14043283875840765,0.06922256145116801
window_60s_group_task_engagement_base_D,D,task_engagement,arousal,0.9781204266961314,0.9781204266961314,0.12474397946458182
window_60s_group_task_engagement_base_D,D,task_engagement,dominance,-1.3194128974493293,1.3194128974493293,0.13873034018439057
window_60s_group_task_engagement_base_D,D,task_engagement,valence,0.6288966243919258,0.6288966243919258,0.19715717911898065
window_60s_group_task_engagement_base_D,D,task_engagement,question_rate,-0.23424562125293552,0.23424562125293552,0.04994356230047736
window_60s_group_task_engagement_base_D,D,task_engagement,statement_rate,-0.1949597175819002,0.1949597175819002,0.042065450944220366
window_60s_group_task_engagement_base_D,D,task_engagement,segment_count,-0.4941174254857274,0.4941174254857274,0.04463056007877584
window_60s_group_task_engagement_base_D,D,task_engagement,speaking_seconds,-0.2445956859993904,0.2445956859993904,0.0636797210328623
window_60s_group_task_engagement_base_D,D,task_engagement,role_p_green,0.031076589986508942,0.031076589986508942,0.01161689473778008
window_60s_group_task_engagement_paralinguistic_D,D,task_engagement,word_count,0.4777974440573384,0.4777974440573384,0.10660015811106538
window_60s_group_task_engagement_paralinguistic_D,D,task_engagement,avg_word_length,-0.009397841531065178,0.009397841531065178,0.1159975800533186
window_60s_group_task_engagement_paralinguistic_D,D,task_engagement,words_per_second,0.47779744405733887,0.47779744405733887,0.096719692317576
window_60s_group_task_engagement_paralinguistic_D,D,task_engagement,sentiment_role,-0.21095932873897474,0.21095932873897474,0.1545739633593287
window_60s_group_task_engagement_paralinguistic_D,D,task_engagement,speaking_role,0.1768927749239992,0.1768927749239992,0.14278276979589502
window_60s_group_task_engagement_paralinguistic_D,D,task_engagement,question_rate,-0.40954774862000226,0.40954774862000226,0.07250220394046017
window_60s_group_task_engagement_paralinguistic_D,D,task_engagement,statement_rate,-0.011817577575067554,0.011817577575067554,0.07659700442585206
window_60s_group_task_engagement_paralinguistic_D,D,task_engagement,segment_count,-0.2110737771377964,0.2110737771377964,0.09098950128603497
window_60s_group_task_engagement_paralinguistic_D,D,task_engagement,speaking_seconds,-0.529589249507915,0.529589249507915,0.11297738076854026
window_60s_group_task_engagement_paralinguistic_D,D,task_engagement,role_p_green,0.008634139913506499,0.008634139913506499,0.03025974594192887
window_60s_group_task_engagement_audio_D,D,task_engagement,arousal,0.8067383024449786,0.8067383024449786,0.27454567710785893
window_60s_group_task_engagement_audio_D,D,task_engagement,dominance,-1.2360535378250608,1.2360535378250608,0.3089149963812381
window_60s_group_task_engagement_audio_D,D,task_engagement,valence,0.7619163803682427,0.7619163803682427,0.40962222776144147
window_60s_group_task_engagement_audio_D,D,task_engagement,role_p_green,1.3879784524013846e-17,1.3879784524013846e-17,0.006917098749461597
window_60s_group_task_engagement_base_T,T,task_engagement,word_count,0.2838161966097785,0.2838161966097785,0.04880090954967979
window_60s_group_task_engagement_base_T,T,task_engagement,avg_word_length,0.047037273421208926,0.047037273421208926,0.055416842626385104
window_60s_group_task_engagement_base_T,T,task_engagement,words_per_second,0.283816196609778,0.283816196609778,0.05260036044577618
window_60s_group_task_engagement_base_T,T,task_engagement,sentiment_role,0.16721578049145425,0.16721578049145425,0.060556925473335285
window_60s_group_task_engagement_base_T,T,task_engagement,speaking_role,-0.07949282497629068,0.07949282497629068,0.05876919522613907
window_60s_group_task_engagement_base_T,T,task_engagement,arousal,-0.1748206333993192,0.1748206333993192,0.1490210503972432
window_60s_group_task_engagement_base_T,T,task_engagement,dominance,-1.7811996031318156,1.7811996031318156,0.2286850376137047
window_60s_group_task_engagement_base_T,T,task_engagement,valence,0.4859453528613858,0.4859453528613858,0.16542441376920985
window_60s_group_task_engagement_base_T,T,task_engagement,question_rate,-0.2789155058239895,0.2789155058239895,0.02449297387141611
window_60s_group_task_engagement_base_T,T,task_engagement,statement_rate,0.1004347994118895,0.1004347994118895,0.025924472123054133
window_60s_group_task_engagement_base_T,T,task_engagement,segment_count,-0.35090817829302,0.35090817829302,0.03851725076482889
window_60s_group_task_engagement_base_T,T,task_engagement,speaking_seconds,-0.02232221778351519,0.02232221778351519,0.07214447782802552
window_60s_group_task_engagement_base_T,T,task_engagement,role_p_green,-0.0013679388645979095,0.0013679388645979095,0.009208939126270032
window_60s_group_task_engagement_base_T,T,task_engagement,role_p_red,-0.00108450722846152,0.00108450722846152,0.010437151184931976
window_60s_group_task_engagement_paralinguistic_T,T,task_engagement,word_count,0.43248341008137614,0.43248341008137614,0.10506244004384593
window_60s_group_task_engagement_paralinguistic_T,T,task_engagement,avg_word_length,0.012706096545897216,0.012706096545897216,0.12073777547832529
window_60s_group_task_engagement_paralinguistic_T,T,task_engagement,words_per_second,0.43248341008137664,0.43248341008137664,0.11129904543354224
window_60s_group_task_engagement_paralinguistic_T,T,task_engagement,sentiment_role,0.1274812231410138,0.1274812231410138,0.14452805705295113
window_60s_group_task_engagement_paralinguistic_T,T,task_engagement,speaking_role,-0.27001719390358575,0.27001719390358575,0.14422024014440013
window_60s_group_task_engagement_paralinguistic_T,T,task_engagement,question_rate,-0.3190942483359047,0.3190942483359047,0.04265588167846172
window_60s_group_task_engagement_paralinguistic_T,T,task_engagement,statement_rate,0.1547304362028436,0.1547304362028436,0.04665788742146633
window_60s_group_task_engagement_paralinguistic_T,T,task_engagement,segment_count,-0.5897227262035855,0.5897227262035855,0.08292276114149374
window_60s_group_task_engagement_paralinguistic_T,T,task_engagement,speaking_seconds,0.2110967675495936,0.2110967675495936,0.15326889749800549
window_60s_group_task_engagement_paralinguistic_T,T,task_engagement,role_p_green,0.012025728082799468,0.012025728082799468,0.026167924692355172
window_60s_group_task_engagement_paralinguistic_T,T,task_engagement,role_p_red,0.017813308128760117,0.017813308128760117,0.02247908941515279
window_60s_group_task_engagement_audio_T,T,task_engagement,arousal,-0.18358698061612316,0.18358698061612316,0.29358877191651306
window_60s_group_task_engagement_audio_T,T,task_engagement,dominance,-1.9419925648573095,1.9419925648573095,0.3891296762100705
window_60s_group_task_engagement_audio_T,T,task_engagement,valence,0.6246511774622784,0.6246511774622784,0.30656343380615897
window_60s_group_task_engagement_audio_T,T,task_engagement,role_p_green,-3.1978995586872734e-14,3.1978995586872734e-14,0.005223874536159022
window_60s_group_task_engagement_audio_T,T,task_engagement,role_p_red,3.2028634847883816e-14,3.2028634847883816e-14,0.005494243531098539
