analysis,target,model,feature,coef
individual_engagement,engagement_target,linear_pca,sentiment_role,-0.010543221258385818
individual_engagement,engagement_target,linear_pca,speaking_role,0.053471412708056124
individual_engagement,engagement_target,linear_pca,arousal,-0.004960507357484356
individual_engagement,engagement_target,linear_pca,dominance,-0.037642093459295194
individual_engagement,engagement_target,linear_pca,valence,0.007760387528084205
individual_engagement,engagement_target,linear_pca,role_p_green,0.0334248861878213
individual_engagement,engagement_target,linear_pca,role_p_red,0.01843958603717931
individual_engagement,engagement_target,linear_pca,opensmile_pc001,0.00804436301431889
individual_engagement,engagement_target,linear_pca,opensmile_pc002,0.01662449171287943
individual_engagement,engagement_target,linear_pca,opensmile_pc003,-0.004779041785164696
individual_engagement,engagement_target,linear_pca,opensmile_pc004,0.02198927480048359
individual_engagement,engagement_target,linear_pca,opensmile_pc005,0.0014192858170780638
individual_engagement,engagement_target,linear_pca,opensmile_pc006,0.014395576136882044
individual_engagement,engagement_target,linear_pca,opensmile_pc007,-0.0036239597090459473
individual_engagement,engagement_target,linear_pca,opensmile_pc008,0.019832692790460803
individual_engagement,engagement_target,linear_pca,opensmile_pc009,-0.002142129640952148
individual_engagement,engagement_target,linear_pca,opensmile_pc010,0.006875357760840129
individual_engagement,engagement_target,linear_pca,opensmile_pc011,0.011878728776270485
individual_engagement,engagement_target,linear_pca,opensmile_pc012,0.011370666551839714
individual_engagement,engagement_target,linear_pca,opensmile_pc013,-0.003959773124340929
individual_engagement,engagement_target,linear_pca,opensmile_pc014,-0.008728504480055767
individual_engagement,engagement_target,linear_pca,opensmile_pc015,0.006359889290319022
individual_engagement,engagement_target,linear_pca,opensmile_pc016,0.009862349403826246
individual_engagement,engagement_target,linear_pca,opensmile_pc017,-0.0057505278459278105
individual_engagement,engagement_target,linear_pca,opensmile_pc018,0.003122175714056388
individual_engagement,engagement_target,linear_pca,opensmile_pc019,-0.0036323947870398115
individual_engagement,engagement_target,linear_pca,opensmile_pc020,0.007122446119511726
individual_engagement,engagement_target,linear_pca,opensmile_pc021,0.008750616431144437
individual_engagement,engagement_target,linear_pca,opensmile_pc022,0.002476230620494244
individual_engagement,engagement_target,linear_pca,opensmile_pc023,0.0019049378878137739
individual_engagement,engagement_target,linear_pca,opensmile_pc024,0.006135910049597354
individual_engagement,engagement_target,linear_pca,opensmile_pc025,0.0013829184814683985
individual_engagement,engagement_target,linear_pca,opensmile_pc026,0.007842550809923668
individual_engagement,engagement_target,linear_pca,opensmile_pc027,-0.009779742270445969
individual_engagement,engagement_target,linear_pca,opensmile_pc028,-0.015631183093806275
individual_engagement,engagement_target,linear_pca,opensmile_pc029,0.0063532558646994365
individual_engagement,engagement_target,linear_pca,opensmile_pc030,-0.0016711077480973243
individual_engagement,engagement_target,linear_pca,opensmile_pc031,-0.01574192254964695
individual_engagement,engagement_target,linear_pca,opensmile_pc032,0.002626852089667849
individual_engagement,engagement_target,linear_pca,opensmile_pc033,-0.00286344851671642
individual_engagement,engagement_target,linear_pca,opensmile_pc034,-0.007955008062959358
individual_engagement,engagement_target,linear_pca,opensmile_pc035,-0.008654292164543938
individual_engagement,engagement_target,linear_pca,opensmile_pc036,0.0028347670294099473
individual_engagement,engagement_target,linear_pca,opensmile_pc037,-0.0037610512626668926
individual_engagement,engagement_target,linear_pca,opensmile_pc038,-0.0048479455926589915
individual_engagement,engagement_target,linear_pca,opensmile_pc039,-0.010197386656538803
individual_engagement,engagement_target,linear_pca,opensmile_pc040,0.0006839246218398753
individual_engagement,engagement_target,linear_pca,opensmile_pc041,0.0012718302958034332
individual_engagement,engagement_target,linear_pca,opensmile_pc042,-0.004975525606103454
individual_engagement,engagement_target,linear_pca,opensmile_pc043,-0.011158194023715852
individual_engagement,engagement_target,linear_pca,emow2v_pc001,0.012197027198188909
individual_engagement,engagement_target,linear_pca,emow2v_pc002,-0.020829523573147105
individual_engagement,engagement_target,linear_pca,emow2v_pc003,0.018839723960280608
individual_engagement,engagement_target,linear_pca,emow2v_pc004,0.0036606416041085918
individual_engagement,engagement_target,linear_pca,emow2v_pc005,0.023038604283524482
individual_engagement,engagement_target,linear_pca,emow2v_pc006,0.007578135781514118
individual_engagement,engagement_target,linear_pca,emow2v_pc007,-0.015568562690598156
individual_engagement,engagement_target,linear_pca,emow2v_pc008,0.01764587512946329
individual_engagement,engagement_target,linear_pca,emow2v_pc009,0.009361630489304325
individual_engagement,engagement_target,linear_pca,sentiment_emb_pc001,0.00991163345888582
individual_engagement,engagement_target,linear_pca,sentiment_emb_pc002,-0.002910874576832228
individual_engagement,engagement_target,linear_pca,sentiment_emb_pc003,0.012665854418818701
individual_engagement,engagement_target,linear_pca,sentiment_emb_pc004,0.013463485039132736
individual_engagement,engagement_target,linear_pca,sentiment_emb_pc005,-0.00560225756758093
individual_engagement,engagement_target,linear_pca,sentiment_emb_pc006,0.015788542571101124
individual_engagement,engagement_target,linear_pca,sentiment_emb_pc007,0.0040735764692533104
individual_engagement,engagement_target,linear_pca,sentiment_emb_pc008,-0.004900205696336811
individual_engagement,engagement_target,linear_pca,sentiment_emb_pc009,-0.021547186179107686
individual_engagement,engagement_target,linear_pca,sentiment_emb_pc010,0.0208163026559384
individual_engagement,engagement_target,linear_pca,sentiment_emb_pc011,-0.010111733462194811
individual_engagement,engagement_target,linear_pca,sentiment_emb_pc012,0.004849140867970112
individual_engagement,engagement_target,linear_pca,sentiment_emb_pc013,0.00455339718401032
individual_engagement,engagement_target,linear_pca,sentiment_emb_pc014,0.008776204994605357
individual_engagement,engagement_target,linear_pca,sentiment_emb_pc015,-0.016839493654343445
individual_engagement,engagement_target,linear_pca,sentiment_emb_pc016,-0.008724498539188155
individual_engagement,engagement_target,linear_pca,sentiment_emb_pc017,-0.014584856413250958
individual_engagement,engagement_target,linear_pca,sentiment_emb_pc018,0.001971644425992216
individual_engagement,engagement_target,linear_pca,sentiment_emb_pc019,0.008419423474939321
individual_engagement,engagement_target,linear_pca,sentiment_emb_pc020,-0.008954677380521525
individual_engagement,engagement_target,linear_pca,sentiment_emb_pc021,0.0011492832489319689
individual_engagement,engagement_target,linear_pca,sentiment_emb_pc022,0.003551419892069437
individual_engagement,engagement_target,linear_pca,sentiment_emb_pc023,0.0024563064882266584
individual_engagement,engagement_target,linear_pca,sentiment_emb_pc024,-0.017489354193934565
individual_engagement,engagement_target,linear_pca,sentiment_emb_pc025,0.002638668495799949
individual_engagement,engagement_target,linear_pca,sentiment_emb_pc026,-0.002609815246374138
individual_engagement,engagement_target,linear_pca,sentiment_emb_pc027,-0.006678281956617405
individual_engagement,engagement_target,linear_pca,sentiment_emb_pc028,0.0018149244522136251
individual_engagement,engagement_target,linear_pca,sentiment_emb_pc029,-0.016582610754070932
individual_engagement,engagement_target,linear_pca,sentiment_emb_pc030,0.0024559217387358913
individual_engagement,engagement_target,linear_pca,sentiment_emb_pc031,-0.002096847378636053
individual_engagement,engagement_target,linear_pca,sentiment_emb_pc032,0.010176009015990299
individual_engagement,engagement_target,linear_pca,sentiment_emb_pc033,0.0023298418714342815
individual_engagement,engagement_target,linear_pca,sentiment_emb_pc034,-0.007324180366363693
individual_engagement,engagement_target,linear_pca,sentiment_emb_pc035,-0.006905810054415489
individual_engagement,engagement_target,linear_pca,sentiment_emb_pc036,-0.010368766897273335
individual_engagement,engagement_target,linear_pca,sentiment_emb_pc037,0.010410154477107888
individual_engagement,engagement_target,linear_pca,sentiment_emb_pc038,0.006378102346935207
individual_engagement,engagement_target,linear_pca,sentiment_emb_pc039,0.011136571153895075
individual_engagement,engagement_target,linear_pca,sentiment_emb_pc040,0.007732654362940396
individual_engagement,engagement_target,linear_pca,sentiment_emb_pc041,0.002672840103567709
individual_engagement,engagement_target,linear_pca,sentiment_emb_pc042,-0.005160001801157828
individual_engagement,engagement_target,linear_pca,sentiment_emb_pc043,0.003524886606536998
individual_engagement,engagement_target,linear_pca,sentiment_emb_pc044,0.008634063396974314
individual_engagement,engagement_target,logistic_pca,sentiment_role,0.02984942003836257
individual_engagement,engagement_target,logistic_pca,speaking_role,1.2958427906210612
individual_engagement,engagement_target,logistic_pca,arousal,-0.09410482125665104
individual_engagement,engagement_target,logistic_pca,dominance,-0.58447531787831
individual_engagement,engagement_target,logistic_pca,valence,0.29802081411507164
individual_engagement,engagement_target,logistic_pca,role_p_green,0.6672511050912627
individual_engagement,engagement_target,logistic_pca,role_p_red,0.44863334241517777
individual_engagement,engagement_target,logistic_pca,opensmile_pc001,0.4060688388626406
individual_engagement,engagement_target,logistic_pca,opensmile_pc002,0.1118329771550717
individual_engagement,engagement_target,logistic_pca,opensmile_pc003,0.30237073749543386
individual_engagement,engagement_target,logistic_pca,opensmile_pc004,0.34213208149252544
individual_engagement,engagement_target,logistic_pca,opensmile_pc005,-0.01154622253180943
individual_engagement,engagement_target,logistic_pca,opensmile_pc006,0.36672687745709204
individual_engagement,engagement_target,logistic_pca,opensmile_pc007,-0.13812369058326907
individual_engagement,engagement_target,logistic_pca,opensmile_pc008,0.5636705193063739
individual_engagement,engagement_target,logistic_pca,opensmile_pc009,-0.12855595448467716
individual_engagement,engagement_target,logistic_pca,opensmile_pc010,0.39113523427123087
individual_engagement,engagement_target,logistic_pca,opensmile_pc011,0.2668034635841348
individual_engagement,engagement_target,logistic_pca,opensmile_pc012,0.12337760973991393
individual_engagement,engagement_target,logistic_pca,opensmile_pc013,-0.0954315622444997
individual_engagement,engagement_target,logistic_pca,opensmile_pc014,0.01185388172965908
individual_engagement,engagement_target,logistic_pca,opensmile_pc015,0.05667866253496851
individual_engagement,engagement_target,logistic_pca,opensmile_pc016,0.12343796068636557
individual_engagement,engagement_target,logistic_pca,opensmile_pc017,0.059713429113958334
individual_engagement,engagement_target,logistic_pca,opensmile_pc018,0.06851468337742508
individual_engagement,engagement_target,logistic_pca,opensmile_pc019,0.12963256141857668
individual_engagement,engagement_target,logistic_pca,opensmile_pc020,0.2173291652891333
individual_engagement,engagement_target,logistic_pca,opensmile_pc021,0.2831142214677319
individual_engagement,engagement_target,logistic_pca,opensmile_pc022,0.09986596976351249
individual_engagement,engagement_target,logistic_pca,opensmile_pc023,0.11679529739731442
individual_engagement,engagement_target,logistic_pca,opensmile_pc024,-0.09531871566456532
individual_engagement,engagement_target,logistic_pca,opensmile_pc025,0.0775833619115994
individual_engagement,engagement_target,logistic_pca,opensmile_pc026,-0.06368891651792144
individual_engagement,engagement_target,logistic_pca,opensmile_pc027,-0.12231582293037092
individual_engagement,engagement_target,logistic_pca,opensmile_pc028,-0.023461887071274966
individual_engagement,engagement_target,logistic_pca,opensmile_pc029,0.14248139150625772
individual_engagement,engagement_target,logistic_pca,opensmile_pc030,-0.07648702443997724
individual_engagement,engagement_target,logistic_pca,opensmile_pc031,-0.35198764092042717
individual_engagement,engagement_target,logistic_pca,opensmile_pc032,0.0655499895183873
individual_engagement,engagement_target,logistic_pca,opensmile_pc033,0.027005972625808224
individual_engagement,engagement_target,logistic_pca,opensmile_pc034,-0.3126994495036109
individual_engagement,engagement_target,logistic_pca,opensmile_pc035,-0.13230805230887951
individual_engagement,engagement_target,logistic_pca,opensmile_pc036,0.09711735968926737
individual_engagement,engagement_target,logistic_pca,opensmile_pc037,-0.03995475370789693
individual_engagement,engagement_target,logistic_pca,opensmile_pc038,0.0536538448665203
individual_engagement,engagement_target,logistic_pca,opensmile_pc039,-0.27060272562496024
individual_engagement,engagement_target,logistic_pca,opensmile_pc040,-0.06563434659767292
individual_engagement,engagement_target,logistic_pca,opensmile_pc041,0.09981136951752628
individual_engagement,engagement_target,logistic_pca,opensmile_pc042,-0.03080966477325412
individual_engagement,engagement_target,logistic_pca,opensmile_pc043,-0.2649324339774623
individual_engagement,engagement_target,logistic_pca,emow2v_pc001,-0.16371519619610272
individual_engagement,engagement_target,logistic_pca,emow2v_pc002,-0.8981893825367225
individual_engagement,engagement_target,logistic_pca,emow2v_pc003,0.26527308382881726
individual_engagement,engagement_target,logistic_pca,emow2v_pc004,0.09756700553201524
individual_engagement,engagement_target,logistic_pca,emow2v_pc005,0.2907586154429151
individual_engagement,engagement_target,logistic_pca,emow2v_pc006,-0.03617348147806648
individual_engagement,engagement_target,logistic_pca,emow2v_pc007,-0.3088090326062359
individual_engagement,engagement_target,logistic_pca,emow2v_pc008,0.24146438563333772
individual_engagement,engagement_target,logistic_pca,emow2v_pc009,-0.2569366202958632
individual_engagement,engagement_target,logistic_pca,sentiment_emb_pc001,0.528244135663142
individual_engagement,engagement_target,logistic_pca,sentiment_emb_pc002,-0.07885414187035975
individual_engagement,engagement_target,logistic_pca,sentiment_emb_pc003,0.47218748092524104
individual_engagement,engagement_target,logistic_pca,sentiment_emb_pc004,0.4417064808440966
individual_engagement,engagement_target,logistic_pca,sentiment_emb_pc005,-0.21585133013600372
individual_engagement,engagement_target,logistic_pca,sentiment_emb_pc006,0.3989546692848443
individual_engagement,engagement_target,logistic_pca,sentiment_emb_pc007,-0.12347133493151181
individual_engagement,engagement_target,logistic_pca,sentiment_emb_pc008,0.04136292162612721
individual_engagement,engagement_target,logistic_pca,sentiment_emb_pc009,-0.4829099866065882
individual_engagement,engagement_target,logistic_pca,sentiment_emb_pc010,0.22369437095430475
individual_engagement,engagement_target,logistic_pca,sentiment_emb_pc011,-0.3008381440487151
individual_engagement,engagement_target,logistic_pca,sentiment_emb_pc012,-0.17981648392391586
individual_engagement,engagement_target,logistic_pca,sentiment_emb_pc013,0.16241864993977223
individual_engagement,engagement_target,logistic_pca,sentiment_emb_pc014,0.45310968493317916
individual_engagement,engagement_target,logistic_pca,sentiment_emb_pc015,-0.3407917910933012
individual_engagement,engagement_target,logistic_pca,sentiment_emb_pc016,-0.17044801236970936
individual_engagement,engagement_target,logistic_pca,sentiment_emb_pc017,-0.4817058458427711
individual_engagement,engagement_target,logistic_pca,sentiment_emb_pc018,-0.015170750383772578
individual_engagement,engagement_target,logistic_pca,sentiment_emb_pc019,0.06438649392210002
individual_engagement,engagement_target,logistic_pca,sentiment_emb_pc020,-0.5461698700984419
individual_engagement,engagement_target,logistic_pca,sentiment_emb_pc021,-0.11971692455985199
individual_engagement,engagement_target,logistic_pca,sentiment_emb_pc022,0.22928995907592256
individual_engagement,engagement_target,logistic_pca,sentiment_emb_pc023,0.23357461845185665
individual_engagement,engagement_target,logistic_pca,sentiment_emb_pc024,-0.4347645745229063
individual_engagement,engagement_target,logistic_pca,sentiment_emb_pc025,-0.08861147850146585
individual_engagement,engagement_target,logistic_pca,sentiment_emb_pc026,0.4092245703605359
individual_engagement,engagement_target,logistic_pca,sentiment_emb_pc027,-0.021095533165964284
individual_engagement,engagement_target,logistic_pca,sentiment_emb_pc028,-0.012826291413536703
individual_engagement,engagement_target,logistic_pca,sentiment_emb_pc029,-0.5306257500137955
individual_engagement,engagement_target,logistic_pca,sentiment_emb_pc030,0.09048007701538471
individual_engagement,engagement_target,logistic_pca,sentiment_emb_pc031,-0.08277414257477748
individual_engagement,engagement_target,logistic_pca,sentiment_emb_pc032,0.3643989445902135
individual_engagement,engagement_target,logistic_pca,sentiment_emb_pc033,-0.05110295390984387
individual_engagement,engagement_target,logistic_pca,sentiment_emb_pc034,-0.19718793516418276
individual_engagement,engagement_target,logistic_pca,sentiment_emb_pc035,-0.3337867455124937
individual_engagement,engagement_target,logistic_pca,sentiment_emb_pc036,-0.33070336432431335
individual_engagement,engagement_target,logistic_pca,sentiment_emb_pc037,0.2577433496575091
individual_engagement,engagement_target,logistic_pca,sentiment_emb_pc038,0.2989450961759356
individual_engagement,engagement_target,logistic_pca,sentiment_emb_pc039,0.1189390336596181
individual_engagement,engagement_target,logistic_pca,sentiment_emb_pc040,0.1100720546812491
individual_engagement,engagement_target,logistic_pca,sentiment_emb_pc041,0.06733969999606325
individual_engagement,engagement_target,logistic_pca,sentiment_emb_pc042,-0.1610191032171015
individual_engagement,engagement_target,logistic_pca,sentiment_emb_pc043,-0.1365680618772595
individual_engagement,engagement_target,logistic_pca,sentiment_emb_pc044,-0.09356369567328555
group_task_engagement,task_engagement,linear_pca,sentiment_role,-0.022169822904227768
group_task_engagement,task_engagement,linear_pca,speaking_role,-0.022648166555214257
group_task_engagement,task_engagement,linear_pca,arousal,-0.03128197827151529
group_task_engagement,task_engagement,linear_pca,dominance,-0.05067276942006109
group_task_engagement,task_engagement,linear_pca,valence,0.039603926139498306
group_task_engagement,task_engagement,linear_pca,role_p_green,-0.004942560438465221
group_task_engagement,task_engagement,linear_pca,role_p_red,-0.003710393646110324
group_task_engagement,task_engagement,linear_pca,opensmile_pc001,-0.012901220447665897
group_task_engagement,task_engagement,linear_pca,opensmile_pc002,0.028127982283780155
group_task_engagement,task_engagement,linear_pca,opensmile_pc003,0.021207824573834938
group_task_engagement,task_engagement,linear_pca,opensmile_pc004,0.031123529775770768
group_task_engagement,task_engagement,linear_pca,opensmile_pc005,-0.014715611384523404
group_task_engagement,task_engagement,linear_pca,opensmile_pc006,0.041377824912202904
group_task_engagement,task_engagement,linear_pca,opensmile_pc007,0.008491160835528888
group_task_engagement,task_engagement,linear_pca,opensmile_pc008,0.0057278428713124245
group_task_engagement,task_engagement,linear_pca,opensmile_pc009,-0.004580771587054646
group_task_engagement,task_engagement,linear_pca,opensmile_pc010,0.004405724609641279
group_task_engagement,task_engagement,linear_pca,opensmile_pc011,-0.008522208239469156
group_task_engagement,task_engagement,linear_pca,opensmile_pc012,0.028092029413500877
group_task_engagement,task_engagement,linear_pca,opensmile_pc013,0.013230918878831035
group_task_engagement,task_engagement,linear_pca,opensmile_pc014,0.007757950150555011
group_task_engagement,task_engagement,linear_pca,opensmile_pc015,0.015334531216036637
group_task_engagement,task_engagement,linear_pca,opensmile_pc016,-0.016570865284839677
group_task_engagement,task_engagement,linear_pca,opensmile_pc017,0.0019757508622443086
group_task_engagement,task_engagement,linear_pca,opensmile_pc018,-0.002990895889187201
group_task_engagement,task_engagement,linear_pca,opensmile_pc019,0.004872774925324712
group_task_engagement,task_engagement,linear_pca,opensmile_pc020,0.0191234117445857
group_task_engagement,task_engagement,linear_pca,opensmile_pc021,-0.010150369423056272
group_task_engagement,task_engagement,linear_pca,opensmile_pc022,0.010904048086158335
group_task_engagement,task_engagement,linear_pca,opensmile_pc023,0.00039142336737571845
group_task_engagement,task_engagement,linear_pca,opensmile_pc024,-0.005021519165468831
group_task_engagement,task_engagement,linear_pca,opensmile_pc025,0.004931281162392304
group_task_engagement,task_engagement,linear_pca,opensmile_pc026,-0.004836899540831047
group_task_engagement,task_engagement,linear_pca,opensmile_pc027,-0.020112324587114695
group_task_engagement,task_engagement,linear_pca,opensmile_pc028,-0.030284841680750754
group_task_engagement,task_engagement,linear_pca,opensmile_pc029,0.0212929174093008
group_task_engagement,task_engagement,linear_pca,opensmile_pc030,0.011772486421228742
group_task_engagement,task_engagement,linear_pca,opensmile_pc031,0.014157776615023553
group_task_engagement,task_engagement,linear_pca,opensmile_pc032,0.00615396765554979
group_task_engagement,task_engagement,linear_pca,opensmile_pc033,0.011589514983918903
group_task_engagement,task_engagement,linear_pca,opensmile_pc034,0.0012591959466520795
group_task_engagement,task_engagement,linear_pca,opensmile_pc035,0.00794128297136589
group_task_engagement,task_engagement,linear_pca,opensmile_pc036,0.02328881956004963
group_task_engagement,task_engagement,linear_pca,opensmile_pc037,-0.006339433738636706
group_task_engagement,task_engagement,linear_pca,opensmile_pc038,0.010783537864041527
group_task_engagement,task_engagement,linear_pca,opensmile_pc039,0.005808224031783809
group_task_engagement,task_engagement,linear_pca,opensmile_pc040,-0.01455253838916315
group_task_engagement,task_engagement,linear_pca,opensmile_pc041,0.011034710098872755
group_task_engagement,task_engagement,linear_pca,opensmile_pc042,0.008581856912979283
group_task_engagement,task_engagement,linear_pca,opensmile_pc043,-0.013030325123356296
group_task_engagement,task_engagement,linear_pca,emow2v_pc001,0.11028368487468478
group_task_engagement,task_engagement,linear_pca,emow2v_pc002,-0.042722724208842704
group_task_engagement,task_engagement,linear_pca,emow2v_pc003,-0.027671180814256475
group_task_engagement,task_engagement,linear_pca,emow2v_pc004,0.05991173680848214
group_task_engagement,task_engagement,linear_pca,emow2v_pc005,0.008511466098194486
group_task_engagement,task_engagement,linear_pca,emow2v_pc006,-0.020200818889062385
group_task_engagement,task_engagement,linear_pca,emow2v_pc007,0.061341822284767596
group_task_engagement,task_engagement,linear_pca,emow2v_pc008,0.009896960838987412
group_task_engagement,task_engagement,linear_pca,emow2v_pc009,-0.03697293094313594
group_task_engagement,task_engagement,linear_pca,sentiment_emb_pc001,0.01995642649438698
group_task_engagement,task_engagement,linear_pca,sentiment_emb_pc002,-0.025047648600333528
group_task_engagement,task_engagement,linear_pca,sentiment_emb_pc003,0.027234719412730368
group_task_engagement,task_engagement,linear_pca,sentiment_emb_pc004,0.003236752414352548
group_task_engagement,task_engagement,linear_pca,sentiment_emb_pc005,-0.0017496534110323877
group_task_engagement,task_engagement,linear_pca,sentiment_emb_pc006,-0.0039838809852405736
group_task_engagement,task_engagement,linear_pca,sentiment_emb_pc007,-0.027448689757499006
group_task_engagement,task_engagement,linear_pca,sentiment_emb_pc008,-0.0038675611439100066
group_task_engagement,task_engagement,linear_pca,sentiment_emb_pc009,0.020520453194176953
group_task_engagement,task_engagement,linear_pca,sentiment_emb_pc010,-0.0015429034303830703
group_task_engagement,task_engagement,linear_pca,sentiment_emb_pc011,0.01372527110743704
group_task_engagement,task_engagement,linear_pca,sentiment_emb_pc012,-0.00010862577408417492
group_task_engagement,task_engagement,linear_pca,sentiment_emb_pc013,0.00600284828323915
group_task_engagement,task_engagement,linear_pca,sentiment_emb_pc014,0.007474646648676702
group_task_engagement,task_engagement,linear_pca,sentiment_emb_pc015,-0.021580772759813356
group_task_engagement,task_engagement,linear_pca,sentiment_emb_pc016,-0.0021551757071268693
group_task_engagement,task_engagement,linear_pca,sentiment_emb_pc017,-0.002336638254064305
group_task_engagement,task_engagement,linear_pca,sentiment_emb_pc018,0.021129620675752248
group_task_engagement,task_engagement,linear_pca,sentiment_emb_pc019,-0.0002877496235072447
group_task_engagement,task_engagement,linear_pca,sentiment_emb_pc020,-0.021600732282205163
group_task_engagement,task_engagement,linear_pca,sentiment_emb_pc021,0.004638591984532478
group_task_engagement,task_engagement,linear_pca,sentiment_emb_pc022,-0.004157403649361063
group_task_engagement,task_engagement,linear_pca,sentiment_emb_pc023,0.00291882009424749
group_task_engagement,task_engagement,linear_pca,sentiment_emb_pc024,0.0016656568583038338
group_task_engagement,task_engagement,linear_pca,sentiment_emb_pc025,-0.0071618494635643445
group_task_engagement,task_engagement,linear_pca,sentiment_emb_pc026,0.005574479979444456
group_task_engagement,task_engagement,linear_pca,sentiment_emb_pc027,0.011207398408706512
group_task_engagement,task_engagement,linear_pca,sentiment_emb_pc028,0.006374514589649388
group_task_engagement,task_engagement,linear_pca,sentiment_emb_pc029,-0.017834256397360547
group_task_engagement,task_engagement,linear_pca,sentiment_emb_pc030,0.011511713302899526
group_task_engagement,task_engagement,linear_pca,sentiment_emb_pc031,0.008169019459300132
group_task_engagement,task_engagement,linear_pca,sentiment_emb_pc032,0.007383729388992181
group_task_engagement,task_engagement,linear_pca,sentiment_emb_pc033,-0.010256358818256801
group_task_engagement,task_engagement,linear_pca,sentiment_emb_pc034,0.009788664830873973
group_task_engagement,task_engagement,linear_pca,sentiment_emb_pc035,0.002998509518768792
group_task_engagement,task_engagement,linear_pca,sentiment_emb_pc036,-0.02152455011541854
group_task_engagement,task_engagement,linear_pca,sentiment_emb_pc037,0.027310997883758462
group_task_engagement,task_engagement,linear_pca,sentiment_emb_pc038,-0.00858810283715624
group_task_engagement,task_engagement,linear_pca,sentiment_emb_pc039,-0.0029417784756031245
group_task_engagement,task_engagement,linear_pca,sentiment_emb_pc040,0.0013782944868375013
group_task_engagement,task_engagement,linear_pca,sentiment_emb_pc041,0.00620365356918205
group_task_engagement,task_engagement,linear_pca,sentiment_emb_pc042,0.011931227148415605
group_task_engagement,task_engagement,linear_pca,sentiment_emb_pc043,-0.01278137484032465
group_task_engagement,task_engagement,linear_pca,sentiment_emb_pc044,0.0025657370595927737
group_task_engagement,task_engagement,linear_pca,sentiment_emb_pc045,0.008491292536993923
group_task_engagement,task_engagement,logistic_pca,sentiment_role,-0.026175285249433647
group_task_engagement,task_engagement,logistic_pca,speaking_role,0.023784493398812775
group_task_engagement,task_engagement,logistic_pca,arousal,0.12365031290320079
group_task_engagement,task_engagement,logistic_pca,dominance,-0.9007898665567315
group_task_engagement,task_engagement,logistic_pca,valence,0.8635661924032227
group_task_engagement,task_engagement,logistic_pca,role_p_green,-0.07254279435447158
group_task_engagement,task_engagement,logistic_pca,role_p_red,-0.13224160459846496
group_task_engagement,task_engagement,logistic_pca,opensmile_pc001,0.09789325089543677
group_task_engagement,task_engagement,logistic_pca,opensmile_pc002,-0.26896973984784556
group_task_engagement,task_engagement,logistic_pca,opensmile_pc003,-0.15597148547475415
group_task_engagement,task_engagement,logistic_pca,opensmile_pc004,0.34188429014253097
group_task_engagement,task_engagement,logistic_pca,opensmile_pc005,-0.8539327175945772
group_task_engagement,task_engagement,logistic_pca,opensmile_pc006,0.46109902151179294
group_task_engagement,task_engagement,logistic_pca,opensmile_pc007,0.24921918147995714
group_task_engagement,task_engagement,logistic_pca,opensmile_pc008,0.15630714208478833
group_task_engagement,task_engagement,logistic_pca,opensmile_pc009,0.5918609006110889
group_task_engagement,task_engagement,logistic_pca,opensmile_pc010,0.3909895984519893
group_task_engagement,task_engagement,logistic_pca,opensmile_pc011,-0.6594458761837148
group_task_engagement,task_engagement,logistic_pca,opensmile_pc012,0.28582509598310624
group_task_engagement,task_engagement,logistic_pca,opensmile_pc013,-0.12019024409303722
group_task_engagement,task_engagement,logistic_pca,opensmile_pc014,0.41921119347020114
group_task_engagement,task_engagement,logistic_pca,opensmile_pc015,0.7546715748572299
group_task_engagement,task_engagement,logistic_pca,opensmile_pc016,0.2902004352397652
group_task_engagement,task_engagement,logistic_pca,opensmile_pc017,0.1801146980078076
group_task_engagement,task_engagement,logistic_pca,opensmile_pc018,0.33460239173291473
group_task_engagement,task_engagement,logistic_pca,opensmile_pc019,0.3845613105186799
group_task_engagement,task_engagement,logistic_pca,opensmile_pc020,0.5019048218229134
group_task_engagement,task_engagement,logistic_pca,opensmile_pc021,0.03506685897412292
group_task_engagement,task_engagement,logistic_pca,opensmile_pc022,0.3401281125641886
group_task_engagement,task_engagement,logistic_pca,opensmile_pc023,-0.514253077884915
group_task_engagement,task_engagement,logistic_pca,opensmile_pc024,0.10499798541546701
group_task_engagement,task_engagement,logistic_pca,opensmile_pc025,0.07073102309013224
group_task_engagement,task_engagement,logistic_pca,opensmile_pc026,-0.3223230408440252
group_task_engagement,task_engagement,logistic_pca,opensmile_pc027,-0.23784999781671665
group_task_engagement,task_engagement,logistic_pca,opensmile_pc028,-0.33469074166470286
group_task_engagement,task_engagement,logistic_pca,opensmile_pc029,0.5788573298058237
group_task_engagement,task_engagement,logistic_pca,opensmile_pc030,0.17208196579916943
group_task_engagement,task_engagement,logistic_pca,opensmile_pc031,0.3149121810343284
group_task_engagement,task_engagement,logistic_pca,opensmile_pc032,0.0635388237692411
group_task_engagement,task_engagement,logistic_pca,opensmile_pc033,-0.16294721754021388
group_task_engagement,task_engagement,logistic_pca,opensmile_pc034,-0.6364228823470661
group_task_engagement,task_engagement,logistic_pca,opensmile_pc035,0.23168905018997094
group_task_engagement,task_engagement,logistic_pca,opensmile_pc036,0.4033104779296745
group_task_engagement,task_engagement,logistic_pca,opensmile_pc037,0.5008334254963359
group_task_engagement,task_engagement,logistic_pca,opensmile_pc038,0.7582216922463955
group_task_engagement,task_engagement,logistic_pca,opensmile_pc039,0.29902615053633025
group_task_engagement,task_engagement,logistic_pca,opensmile_pc040,-0.26424104274495397
group_task_engagement,task_engagement,logistic_pca,opensmile_pc041,0.6250466333604907
group_task_engagement,task_engagement,logistic_pca,opensmile_pc042,-0.17743654630934638
group_task_engagement,task_engagement,logistic_pca,opensmile_pc043,-0.7577890388253067
group_task_engagement,task_engagement,logistic_pca,emow2v_pc001,1.547107392522466
group_task_engagement,task_engagement,logistic_pca,emow2v_pc002,-1.6272967234946574
group_task_engagement,task_engagement,logistic_pca,emow2v_pc003,-0.13708264228036232
group_task_engagement,task_engagement,logistic_pca,emow2v_pc004,0.7184389293896367
group_task_engagement,task_engagement,logistic_pca,emow2v_pc005,0.2581982999833759
group_task_engagement,task_engagement,logistic_pca,emow2v_pc006,-0.43580239142092336
group_task_engagement,task_engagement,logistic_pca,emow2v_pc007,0.7627380022579937
group_task_engagement,task_engagement,logistic_pca,emow2v_pc008,-0.14313301707423703
group_task_engagement,task_engagement,logistic_pca,emow2v_pc009,-0.26185176905995927
group_task_engagement,task_engagement,logistic_pca,sentiment_emb_pc001,0.3211550948768218
group_task_engagement,task_engagement,logistic_pca,sentiment_emb_pc002,-0.7111218968588502
group_task_engagement,task_engagement,logistic_pca,sentiment_emb_pc003,0.9080655054032503
group_task_engagement,task_engagement,logistic_pca,sentiment_emb_pc004,0.0420377336270625
group_task_engagement,task_engagement,logistic_pca,sentiment_emb_pc005,-0.6358105270370573
group_task_engagement,task_engagement,logistic_pca,sentiment_emb_pc006,0.3898177103720893
group_task_engagement,task_engagement,logistic_pca,sentiment_emb_pc007,-0.8521374723114253
group_task_engagement,task_engagement,logistic_pca,sentiment_emb_pc008,-0.057256224557720205
group_task_engagement,task_engagement,logistic_pca,sentiment_emb_pc009,0.45639969166405747
group_task_engagement,task_engagement,logistic_pca,sentiment_emb_pc010,-0.27794141394588984
group_task_engagement,task_engagement,logistic_pca,sentiment_emb_pc011,0.2603231137741394
group_task_engagement,task_engagement,logistic_pca,sentiment_emb_pc012,-0.5124129493321304
group_task_engagement,task_engagement,logistic_pca,sentiment_emb_pc013,0.41187030285505416
group_task_engagement,task_engagement,logistic_pca,sentiment_emb_pc014,0.7614716230107099
group_task_engagement,task_engagement,logistic_pca,sentiment_emb_pc015,-0.5138796286929684
group_task_engagement,task_engagement,logistic_pca,sentiment_emb_pc016,-0.00241881502629032
group_task_engagement,task_engagement,logistic_pca,sentiment_emb_pc017,0.09871057474535742
group_task_engagement,task_engagement,logistic_pca,sentiment_emb_pc018,0.6128197346040376
group_task_engagement,task_engagement,logistic_pca,sentiment_emb_pc019,0.25188386522918466
group_task_engagement,task_engagement,logistic_pca,sentiment_emb_pc020,-0.21097689814800788
group_task_engagement,task_engagement,logistic_pca,sentiment_emb_pc021,0.33220505746543794
group_task_engagement,task_engagement,logistic_pca,sentiment_emb_pc022,0.17524602487835042
group_task_engagement,task_engagement,logistic_pca,sentiment_emb_pc023,0.3494170917230691
group_task_engagement,task_engagement,logistic_pca,sentiment_emb_pc024,-0.23345575598050822
group_task_engagement,task_engagement,logistic_pca,sentiment_emb_pc025,-0.1429089384587328
group_task_engagement,task_engagement,logistic_pca,sentiment_emb_pc026,-0.1427305642429698
group_task_engagement,task_engagement,logistic_pca,sentiment_emb_pc027,0.09997706389379407
group_task_engagement,task_engagement,logistic_pca,sentiment_emb_pc028,0.020563630421865837
group_task_engagement,task_engagement,logistic_pca,sentiment_emb_pc029,-0.7130382887126753
group_task_engagement,task_engagement,logistic_pca,sentiment_emb_pc030,-0.09970286253357932
group_task_engagement,task_engagement,logistic_pca,sentiment_emb_pc031,-0.3618294406352842
group_task_engagement,task_engagement,logistic_pca,sentiment_emb_pc032,-0.16896640540910043
group_task_engagement,task_engagement,logistic_pca,sentiment_emb_pc033,-0.3068413827285864
group_task_engagement,task_engagement,logistic_pca,sentiment_emb_pc034,-0.0623168734662175
group_task_engagement,task_engagement,logistic_pca,sentiment_emb_pc035,0.03306164513836365
group_task_engagement,task_engagement,logistic_pca,sentiment_emb_pc036,-0.2502016296684955
group_task_engagement,task_engagement,logistic_pca,sentiment_emb_pc037,0.3883633590320431
group_task_engagement,task_engagement,logistic_pca,sentiment_emb_pc038,-0.12852527234206718
group_task_engagement,task_engagement,logistic_pca,sentiment_emb_pc039,-0.5527116542540953
group_task_engagement,task_engagement,logistic_pca,sentiment_emb_pc040,0.14150503554999774
group_task_engagement,task_engagement,logistic_pca,sentiment_emb_pc041,-0.06881900851240377
group_task_engagement,task_engagement,logistic_pca,sentiment_emb_pc042,0.052725472803059156
group_task_engagement,task_engagement,logistic_pca,sentiment_emb_pc043,-0.14165240996520018
group_task_engagement,task_engagement,logistic_pca,sentiment_emb_pc044,0.18582177078807252
group_task_engagement,task_engagement,logistic_pca,sentiment_emb_pc045,0.11300021755535136
