split,detector,n,n_feat,rank,model,acc_mean,acc_std,majority,perm_p,t_maj,p_ttest_maj,cohen_d_maj
All,baseline_majority,185,0,1,majority,0.448,0.325,0.519,,,,
D,baseline_majority,79,0,1,majority,0.560,0.347,0.595,,,,
T,baseline_majority,106,0,1,majority,0.572,0.321,0.538,,,,
All,audio+linguistic,185,10,1,NB,0.743,0.241,0.519,0.0033,4.162,0.0005,0.931
All,audio+linguistic,185,10,2,QDA,0.718,0.256,0.519,,3.471,0.0026,0.776
All,AIxVR,185,2,1,NB,0.625,0.246,0.519,0.0299,1.930,0.0686,0.432
All,AIxVR,185,2,2,LogReg,0.614,0.242,0.519,,1.769,0.0929,0.396
All,linguistic+GazexSpeaking,185,13,1,QDA,0.786,0.200,0.519,0.0100,5.957,0.0000,1.332
All,linguistic+GazexSpeaking,185,13,2,NB,0.778,0.250,0.519,,4.642,0.0002,1.038
All,audio+GazexSpeaking,185,9,1,SVM,0.746,0.243,0.519,0.0033,4.167,0.0005,0.932
All,audio+GazexSpeaking,185,9,2,QDA,0.744,0.233,0.519,,4.319,0.0004,0.966
All,audio+linguistic+GazexSpeaking,185,16,1,QDA,0.771,0.210,0.519,0.0033,5.381,0.0000,1.203
All,audio+linguistic+GazexSpeaking,185,16,2,NB,0.765,0.246,0.519,,4.478,0.0003,1.001
All,GazexSpeaking,185,6,1,QDA,0.734,0.238,0.519,0.0066,4.055,0.0007,0.907
All,GazexSpeaking,185,6,2,SVM,0.729,0.233,0.519,,4.041,0.0007,0.903
D,AIxVR,79,2,1,LogReg,0.672,0.195,0.595,0.3621,1.111,0.3034,0.393
D,AIxVR,79,2,2,NB,0.651,0.184,0.595,,0.858,0.4194,0.303
All,audio,185,3,1,LogReg,0.663,0.251,0.519,0.0033,2.556,0.0193,0.572
All,audio,185,3,2,QDA,0.654,0.250,0.519,,2.423,0.0256,0.542
D,GazexSpeaking,79,6,1,SVM,0.830,0.102,0.595,0.0831,6.500,0.0003,2.298
D,GazexSpeaking,79,6,2,LogReg,0.805,0.106,0.595,,5.627,0.0008,1.989
D,audio,79,3,1,QDA,0.603,0.232,0.595,0.2060,0.093,0.9287,0.033
D,audio,79,3,2,LogReg,0.568,0.246,0.595,,-0.305,0.7696,-0.108
All,openSMILE,185,88,1,NB,0.576,0.255,0.519,0.0133,1.008,0.3262,0.225
All,openSMILE,185,88,2,SVM,0.545,0.222,0.519,,0.530,0.6023,0.118
D,linguistic,79,7,1,LogReg,0.680,0.183,0.595,0.1163,1.311,0.2313,0.463
D,linguistic,79,7,2,NB,0.642,0.143,0.595,,0.940,0.3786,0.332
D,openSMILE,79,88,1,LogReg,0.658,0.205,0.595,0.6711,0.868,0.4140,0.307
D,openSMILE,79,88,2,NB,0.554,0.287,0.595,,-0.407,0.6962,-0.144
All,audio+openSMILE,185,91,1,SVM,0.609,0.188,0.519,0.0033,2.143,0.0453,0.479
All,audio+openSMILE,185,91,2,NB,0.590,0.252,0.519,,1.258,0.2238,0.281
D,audio+AIxVR,79,5,1,LogReg,0.625,0.190,0.595,0.0100,0.451,0.6653,0.160
D,audio+AIxVR,79,5,2,QDA,0.597,0.211,0.595,,0.034,0.9736,0.012
D,audio+GazexSpeaking,79,9,1,LogReg,0.810,0.143,0.595,0.0233,4.250,0.0038,1.503
D,audio+GazexSpeaking,79,9,2,SVM,0.807,0.123,0.595,,4.870,0.0018,1.722
D,audio+openSMILE,79,91,1,LogReg,0.664,0.196,0.595,0.8870,1.002,0.3496,0.354
D,audio+openSMILE,79,91,2,NB,0.551,0.291,0.595,,-0.425,0.6835,-0.150
D,audio+linguistic,79,10,1,NB,0.639,0.179,0.595,0.0997,0.696,0.5089,0.246
D,audio+linguistic,79,10,2,LogReg,0.623,0.201,0.595,,0.391,0.7071,0.138
All,linguistic,185,7,1,SVM,0.771,0.210,0.519,0.0033,5.365,0.0000,1.200
All,linguistic,185,7,2,QDA,0.766,0.199,0.519,,5.541,0.0000,1.239
D,linguistic+GazexSpeaking,79,13,1,LogReg,0.842,0.088,0.595,0.0033,7.962,0.0001,2.815
D,linguistic+GazexSpeaking,79,13,2,SVM,0.793,0.138,0.595,,4.053,0.0049,1.433
All,audio+AIxVR,185,5,1,QDA,0.673,0.246,0.519,0.0033,2.800,0.0114,0.626
All,audio+AIxVR,185,5,2,NB,0.666,0.201,0.519,,3.259,0.0041,0.729
D,audio+linguistic+GazexSpeaking,79,16,1,LogReg,0.786,0.135,0.595,0.0133,3.984,0.0053,1.409
D,audio+linguistic+GazexSpeaking,79,16,2,SVM,0.767,0.145,0.595,,3.361,0.0121,1.188
D,openSMILE_pca,79,88,1,LogReg,0.668,0.216,0.595,0.3887,0.952,0.3727,0.337
D,openSMILE_pca,79,88,2,QDA,0.532,0.291,0.595,,-0.609,0.5620,-0.215
T,GazexSpeaking,106,6,1,NB,0.695,0.294,0.538,0.0033,1.857,0.0903,0.536
T,GazexSpeaking,106,6,2,LogReg,0.677,0.220,0.538,,2.190,0.0510,0.632
T,AIxVR,106,1,1,LogReg,0.581,0.253,0.538,0.0033,0.600,0.5608,0.173
T,AIxVR,106,1,2,QDA,0.576,0.244,0.538,,0.543,0.5979,0.157
T,linguistic,106,7,1,NB,0.766,0.243,0.538,0.0033,3.253,0.0077,0.939
T,linguistic,106,7,2,QDA,0.752,0.216,0.538,,3.431,0.0056,0.991
T,audio,106,3,1,QDA,0.714,0.275,0.538,0.0033,2.225,0.0479,0.642
T,audio,106,3,2,SVM,0.714,0.270,0.538,,2.259,0.0452,0.652
T,audio+AIxVR,106,4,1,NB,0.709,0.263,0.538,0.0033,2.249,0.0459,0.649
T,audio+AIxVR,106,4,2,QDA,0.690,0.258,0.538,,2.054,0.0645,0.593
T,openSMILE,106,88,1,NB,0.567,0.250,0.538,0.0498,0.403,0.6946,0.116
T,openSMILE,106,88,2,SVM,0.471,0.262,0.538,,-0.881,0.3969,-0.254
T,audio+linguistic,106,10,1,NB,0.784,0.299,0.538,0.0033,2.861,0.0155,0.826
T,audio+linguistic,106,10,2,QDA,0.767,0.251,0.538,,3.163,0.0090,0.913
T,audio+openSMILE,106,91,1,NB,0.607,0.272,0.538,0.0066,0.885,0.3952,0.255
T,audio+openSMILE,106,91,2,LogReg,0.593,0.166,0.538,,1.156,0.2723,0.334
T,audio+GazexSpeaking,106,9,1,NB,0.670,0.289,0.538,0.0033,1.585,0.1412,0.458
T,audio+GazexSpeaking,106,9,2,QDA,0.663,0.291,0.538,,1.493,0.1634,0.431
D,sentemb_pca,79,512,1,QDA,0.652,0.192,0.595,0.0365,0.843,0.4273,0.298
D,sentemb_pca,79,512,2,NB,0.649,0.152,0.595,,1.001,0.3501,0.354
T,audio+linguistic+GazexSpeaking,106,16,1,NB,0.757,0.294,0.538,0.0033,2.585,0.0254,0.746
T,audio+linguistic+GazexSpeaking,106,16,2,LogReg,0.689,0.227,0.538,,2.310,0.0413,0.667
T,linguistic+GazexSpeaking,106,13,1,NB,0.758,0.306,0.538,0.0033,2.489,0.0301,0.718
T,linguistic+GazexSpeaking,106,13,2,LogReg,0.704,0.223,0.538,,2.591,0.0251,0.748
D,emow2v_pca,79,1024,1,NB,0.673,0.178,0.595,0.1960,1.241,0.2546,0.439
D,emow2v_pca,79,1024,2,QDA,0.576,0.232,0.595,,-0.226,0.8275,-0.080
T,openSMILE_pca,106,88,1,NB,0.540,0.231,0.538,0.1229,0.037,0.9715,0.011
T,openSMILE_pca,106,88,2,QDA,0.444,0.291,0.538,,-1.115,0.2887,-0.322
T,sentemb_pca,106,512,1,LogReg,0.652,0.244,0.538,0.0100,1.629,0.1317,0.470
T,sentemb_pca,106,512,2,NB,0.612,0.225,0.538,,1.147,0.2756,0.331
All,openSMILE_pca,185,88,1,NB,0.598,0.255,0.519,0.0066,1.381,0.1832,0.309
All,openSMILE_pca,185,88,2,SVM,0.595,0.256,0.519,,1.327,0.2002,0.297
T,emow2v_pca,106,1024,1,NB,0.746,0.292,0.538,0.0066,2.467,0.0313,0.712
T,emow2v_pca,106,1024,2,LogReg,0.734,0.300,0.538,,2.267,0.0445,0.655
D,linguistic_core,79,4,1,LogReg,0.680,0.183,0.595,0.0565,1.311,0.2313,0.463
D,linguistic_core,79,4,2,QDA,0.653,0.155,0.595,,1.060,0.3242,0.375
D,linguistic+AIxVR,79,9,1,LogReg,0.656,0.223,0.595,0.0930,0.775,0.4636,0.274
D,linguistic+AIxVR,79,9,2,NB,0.619,0.183,0.595,,0.367,0.7245,0.130
T,linguistic+AIxVR,106,8,1,NB,0.758,0.242,0.538,0.0033,3.150,0.0092,0.909
T,linguistic+AIxVR,106,8,2,QDA,0.741,0.232,0.538,,3.044,0.0112,0.879
T,linguistic_core,106,4,1,NB,0.810,0.210,0.538,0.0033,4.490,0.0009,1.296
T,linguistic_core,106,4,2,QDA,0.773,0.165,0.538,,4.917,0.0005,1.419
All,linguistic+AIxVR,185,9,1,NB,0.741,0.258,0.519,0.0033,3.856,0.0011,0.862
All,linguistic+AIxVR,185,9,2,QDA,0.740,0.202,0.519,,4.897,0.0001,1.095
All,linguistic_core,185,4,1,QDA,0.769,0.204,0.519,0.0033,5.503,0.0000,1.230
All,linguistic_core,185,4,2,SVM,0.768,0.217,0.519,,5.137,0.0001,1.149
D,linguistic_sel,79,7,1,LogReg,0.708,0.157,0.595,0.0465,2.025,0.0825,0.716
D,linguistic_sel,79,7,2,QDA,0.648,0.156,0.595,,0.963,0.3677,0.340
D,linguistic+GazexSpeaking_sel,79,13,1,SVM,0.773,0.146,0.595,0.6179,3.455,0.0106,1.222
D,linguistic+GazexSpeaking_sel,79,13,2,LogReg,0.765,0.169,0.595,,2.849,0.0247,1.007
D,audio+linguistic_sel,79,10,1,LogReg,0.660,0.194,0.595,0.1362,0.940,0.3785,0.332
D,audio+linguistic_sel,79,10,2,NB,0.624,0.169,0.595,,0.482,0.6443,0.171
T,linguistic_sel,106,7,1,NB,0.789,0.201,0.538,0.0033,4.322,0.0012,1.248
T,linguistic_sel,106,7,2,QDA,0.757,0.185,0.538,,4.109,0.0017,1.186
D,audio+linguistic+GazexSpeaking_sel,79,16,1,QDA,0.799,0.129,0.595,0.3821,4.471,0.0029,1.581
D,audio+linguistic+GazexSpeaking_sel,79,16,2,SVM,0.749,0.135,0.595,,3.221,0.0146,1.139
All,sentemb_pca,185,512,1,LogReg,0.683,0.219,0.519,0.0066,3.365,0.0032,0.753
All,sentemb_pca,185,512,2,NB,0.612,0.235,0.519,,1.766,0.0934,0.395
T,audio+linguistic_sel,106,10,1,NB,0.760,0.300,0.538,0.0033,2.570,0.0260,0.742
T,audio+linguistic_sel,106,10,2,QDA,0.748,0.245,0.538,,2.975,0.0126,0.859
T,linguistic+GazexSpeaking_sel,106,13,1,NB,0.746,0.308,0.538,0.0033,2.345,0.0388,0.677
T,linguistic+GazexSpeaking_sel,106,13,2,QDA,0.742,0.252,0.538,,2.810,0.0170,0.811
All,linguistic_sel,185,7,1,QDA,0.769,0.204,0.519,0.0033,5.503,0.0000,1.230
All,linguistic_sel,185,7,2,SVM,0.764,0.217,0.519,,5.064,0.0001,1.132
T,audio+linguistic+GazexSpeaking_sel,106,16,1,NB,0.754,0.298,0.538,0.0033,2.506,0.0292,0.724
T,audio+linguistic+GazexSpeaking_sel,106,16,2,SVM,0.718,0.292,0.538,,2.131,0.0564,0.615
All,emow2v_pca,185,1024,1,SVM,0.651,0.285,0.519,0.0033,2.068,0.0525,0.463
All,emow2v_pca,185,1024,2,QDA,0.647,0.197,0.519,,2.904,0.0091,0.649
All,audio+linguistic_sel,185,10,1,QDA,0.691,0.212,0.519,0.0033,3.624,0.0018,0.810
All,audio+linguistic_sel,185,10,2,SVM,0.689,0.251,0.519,,3.021,0.0070,0.675
All,linguistic+GazexSpeaking_sel,185,13,1,QDA,0.764,0.205,0.519,0.0033,5.346,0.0000,1.195
All,linguistic+GazexSpeaking_sel,185,13,2,NB,0.761,0.254,0.519,,4.261,0.0004,0.953
All,audio+linguistic+GazexSpeaking_sel,185,16,1,QDA,0.755,0.208,0.519,0.0033,5.060,0.0001,1.132
All,audio+linguistic+GazexSpeaking_sel,185,16,2,NB,0.724,0.240,0.519,,3.817,0.0012,0.853
D,openSMILE_sel,79,88,1,LogReg,0.692,0.169,0.595,0.2226,1.628,0.1476,0.576
D,openSMILE_sel,79,88,2,QDA,0.598,0.304,0.595,,0.027,0.9791,0.010
T,openSMILE_sel,106,88,1,LogReg,0.602,0.212,0.538,0.0133,1.051,0.3157,0.303
T,openSMILE_sel,106,88,2,SVM,0.599,0.253,0.538,,0.844,0.4165,0.244
All,openSMILE_sel,185,88,1,NB,0.602,0.213,0.519,0.0033,1.742,0.0977,0.390
All,openSMILE_sel,185,88,2,SVM,0.579,0.260,0.519,,1.036,0.3130,0.232
D,AIED,79,4,1,NB,0.749,0.145,0.595,0.1030,3.003,0.0198,1.062
D,AIED,79,4,2,LogReg,0.748,0.162,0.595,,2.677,0.0317,0.946
D,linguistic+AIED,79,11,1,LogReg,0.815,0.123,0.595,0.0033,5.082,0.0014,1.797
D,linguistic+AIED,79,11,2,SVM,0.748,0.204,0.595,,2.126,0.0711,0.752
D,audio+AIED,79,7,1,LogReg,0.791,0.166,0.595,0.0498,3.335,0.0125,1.179
D,audio+AIED,79,7,2,QDA,0.766,0.169,0.595,,2.866,0.0241,1.013
T,AIED,106,4,1,QDA,0.628,0.280,0.538,0.0100,1.124,0.2849,0.324
T,AIED,106,4,2,LogReg,0.592,0.222,0.538,,0.846,0.4153,0.244
T,linguistic+AIED,106,11,1,QDA,0.776,0.232,0.538,0.0033,3.567,0.0044,1.030
T,linguistic+AIED,106,11,2,SVM,0.741,0.168,0.538,,4.203,0.0015,1.213
T,audio+AIED,106,7,1,SVM,0.702,0.209,0.538,0.0066,2.733,0.0195,0.789
T,audio+AIED,106,7,2,LogReg,0.695,0.204,0.538,,2.676,0.0216,0.773
All,AIED,185,4,1,QDA,0.626,0.247,0.519,0.0930,1.934,0.0682,0.432
All,AIED,185,4,2,NB,0.575,0.258,0.519,,0.973,0.3427,0.218
All,audio+AIED,185,7,1,SVM,0.745,0.162,0.519,0.0033,6.236,0.0000,1.394
All,audio+AIED,185,7,2,QDA,0.732,0.177,0.519,,5.379,0.0000,1.203
All,linguistic+AIED,185,11,1,SVM,0.794,0.152,0.519,0.0033,8.087,0.0000,1.808
All,linguistic+AIED,185,11,2,QDA,0.766,0.197,0.519,,5.599,0.0000,1.252
