groupset,split,detector,n,n_feat,model,acc_foldmean,acc_pooled,majority,TN,FP,FN,TP,prec_low,rec_low,f1_low,prec_high,rec_high,f1_high,macro_f1,weighted_f1,balanced_acc,mcc,macro_f1_foldmean,macro_f1_foldsd
g20,D,AIxVR,79,2,LogReg,0.672,0.684,0.595,14,18,7,40,0.667,0.438,0.528,0.690,0.851,0.762,0.645,0.667,0.644,0.321,0.394,0.074
g20,D,linguistic+GazexSpeaking,79,13,LogReg,0.842,0.835,0.595,23,9,4,43,0.852,0.719,0.780,0.827,0.915,0.869,0.824,0.833,0.817,0.656,0.643,0.159
g20,D,linguistic+AIED,79,11,LogReg,0.815,0.810,0.595,25,7,8,39,0.758,0.781,0.769,0.848,0.830,0.839,0.804,0.811,0.806,0.608,0.631,0.157
g20,D,GazexSpeaking,79,6,SVM,0.830,0.823,0.595,18,14,0,47,1.000,0.562,0.720,0.770,1.000,0.870,0.795,0.809,0.781,0.658,0.553,0.136
g20,D,AIED,79,4,NB,0.749,0.747,0.595,20,12,8,39,0.714,0.625,0.667,0.765,0.830,0.796,0.731,0.744,0.727,0.467,0.452,0.081
g20,D,linguistic,79,7,LogReg,0.680,0.671,0.595,17,15,11,36,0.607,0.531,0.567,0.706,0.766,0.735,0.651,0.667,0.649,0.305,0.543,0.141
g20,T,AIxVR,106,1,LogReg,0.581,0.575,0.538,39,18,27,22,0.591,0.684,0.634,0.550,0.449,0.494,0.564,0.570,0.567,0.137,0.460,0.188
g20,T,AIED,106,4,QDA,0.628,0.594,0.538,45,12,31,18,0.592,0.789,0.677,0.600,0.367,0.456,0.566,0.575,0.578,0.174,0.445,0.201
g20,T,linguistic+AIED,106,11,QDA,0.776,0.755,0.538,44,13,13,36,0.772,0.772,0.772,0.735,0.735,0.735,0.753,0.755,0.753,0.507,0.641,0.240
g20,T,linguistic,106,7,NB,0.766,0.774,0.538,39,18,6,43,0.867,0.684,0.765,0.705,0.878,0.782,0.773,0.773,0.781,0.567,0.691,0.263
g20,T,GazexSpeaking,106,6,NB,0.695,0.717,0.538,34,23,7,42,0.829,0.596,0.694,0.646,0.857,0.737,0.715,0.714,0.727,0.464,0.591,0.294
g20,All,AIED,185,4,QDA,0.626,0.632,0.519,60,29,39,57,0.606,0.674,0.638,0.663,0.594,0.626,0.632,0.632,0.634,0.268,0.423,0.151
g20,All,linguistic+GazexSpeaking,185,13,QDA,0.786,0.789,0.519,61,28,11,85,0.847,0.685,0.758,0.752,0.885,0.813,0.786,0.787,0.785,0.585,0.661,0.216
g20,T,linguistic+GazexSpeaking,106,13,NB,0.758,0.774,0.538,38,19,5,44,0.884,0.667,0.760,0.698,0.898,0.786,0.773,0.772,0.782,0.573,0.687,0.313
g20,All,linguistic,185,7,SVM,0.771,0.768,0.519,60,29,14,82,0.811,0.674,0.736,0.739,0.854,0.792,0.764,0.765,0.764,0.539,0.668,0.217
g20,All,linguistic+AIED,185,11,SVM,0.794,0.778,0.519,62,27,14,82,0.816,0.697,0.752,0.752,0.854,0.800,0.776,0.777,0.775,0.559,0.658,0.181
g21,D,AIxVR,89,2,NB,0.747,0.742,0.528,28,14,9,38,0.757,0.667,0.709,0.731,0.809,0.768,0.738,0.740,0.738,0.481,0.443,0.092
g21,D,linguistic,89,7,LogReg,0.730,0.730,0.528,25,17,7,40,0.781,0.595,0.676,0.702,0.851,0.769,0.722,0.725,0.723,0.464,0.542,0.152
g21,D,GazexSpeaking,89,6,LogReg,0.827,0.820,0.528,29,13,3,44,0.906,0.690,0.784,0.772,0.936,0.846,0.815,0.817,0.813,0.652,0.575,0.206
g20,All,AIxVR,185,2,NB,0.625,0.611,0.519,59,30,42,54,0.584,0.663,0.621,0.643,0.562,0.600,0.611,0.610,0.613,0.226,0.414,0.155
g21,D,linguistic+AIED,89,11,LogReg,0.804,0.798,0.528,33,9,9,38,0.786,0.786,0.786,0.809,0.809,0.809,0.797,0.798,0.797,0.594,0.605,0.149
g20,All,GazexSpeaking,185,6,QDA,0.734,0.746,0.519,51,38,9,87,0.850,0.573,0.685,0.696,0.906,0.787,0.736,0.738,0.740,0.512,0.587,0.229
g21,D,linguistic+GazexSpeaking,89,13,LogReg,0.781,0.764,0.528,30,12,9,38,0.769,0.714,0.741,0.760,0.809,0.784,0.762,0.763,0.761,0.526,0.567,0.114
g21,D,AIED,89,4,NB,0.753,0.753,0.528,27,15,7,40,0.794,0.643,0.711,0.727,0.851,0.784,0.747,0.749,0.747,0.507,0.450,0.077
g21,All,AIED,195,4,QDA,0.646,0.651,0.508,71,28,40,56,0.640,0.717,0.676,0.667,0.583,0.622,0.649,0.650,0.650,0.303,0.427,0.147
g21,T,AIxVR,106,1,LogReg,0.581,0.575,0.538,39,18,27,22,0.591,0.684,0.634,0.550,0.449,0.494,0.564,0.570,0.567,0.137,0.460,0.188
g21,All,GazexSpeaking,195,6,QDA,0.747,0.759,0.508,59,40,7,89,0.894,0.596,0.715,0.690,0.927,0.791,0.753,0.753,0.762,0.553,0.583,0.234
g21,T,AIED,106,4,QDA,0.628,0.594,0.538,45,12,31,18,0.592,0.789,0.677,0.600,0.367,0.456,0.566,0.575,0.578,0.174,0.445,0.201
g21,T,linguistic+AIED,106,11,QDA,0.776,0.755,0.538,44,13,13,36,0.772,0.772,0.772,0.735,0.735,0.735,0.753,0.755,0.753,0.507,0.641,0.240
g21,All,linguistic+GazexSpeaking,195,13,QDA,0.787,0.790,0.508,69,30,11,85,0.863,0.697,0.771,0.739,0.885,0.806,0.788,0.788,0.791,0.592,0.642,0.226
g21,All,linguistic,195,7,SVM,0.782,0.779,0.508,71,28,15,81,0.826,0.717,0.768,0.743,0.844,0.790,0.779,0.779,0.780,0.565,0.661,0.216
g21,T,GazexSpeaking,106,6,NB,0.695,0.717,0.538,34,23,7,42,0.829,0.596,0.694,0.646,0.857,0.737,0.715,0.714,0.727,0.464,0.591,0.294
g21,T,linguistic+GazexSpeaking,106,13,NB,0.758,0.774,0.538,38,19,5,44,0.884,0.667,0.760,0.698,0.898,0.786,0.773,0.772,0.782,0.573,0.687,0.313
g21,All,AIxVR,195,2,QDA,0.654,0.646,0.508,74,25,44,52,0.627,0.747,0.682,0.675,0.542,0.601,0.642,0.642,0.645,0.296,0.427,0.181
g21,All,linguistic+AIED,195,11,SVM,0.792,0.779,0.508,73,26,17,79,0.811,0.737,0.772,0.752,0.823,0.786,0.779,0.779,0.780,0.562,0.621,0.160
g21,T,linguistic,106,7,NB,0.766,0.774,0.538,39,18,6,43,0.867,0.684,0.765,0.705,0.878,0.782,0.773,0.773,0.781,0.567,0.691,0.263
g25,D,AIxVR,114,2,LogReg,0.707,0.702,0.509,43,15,19,37,0.694,0.741,0.717,0.712,0.661,0.685,0.701,0.701,0.701,0.404,0.423,0.098
g25,D,GazexSpeaking,114,6,SVM,0.741,0.719,0.509,35,23,9,47,0.795,0.603,0.686,0.671,0.839,0.746,0.716,0.716,0.721,0.455,0.558,0.131
g25,D,AIED,114,4,NB,0.630,0.614,0.509,31,27,17,39,0.646,0.534,0.585,0.591,0.696,0.639,0.612,0.612,0.615,0.234,0.397,0.075
g25,D,linguistic,114,7,SVM,0.745,0.737,0.509,42,16,14,42,0.750,0.724,0.737,0.724,0.750,0.737,0.737,0.737,0.737,0.474,0.572,0.144
g25,D,linguistic+GazexSpeaking,114,13,LogReg,0.790,0.772,0.509,41,17,9,47,0.820,0.707,0.759,0.734,0.839,0.783,0.771,0.771,0.773,0.550,0.619,0.154
g25,D,linguistic+AIED,114,11,LogReg,0.769,0.754,0.509,43,15,13,43,0.768,0.741,0.754,0.741,0.768,0.754,0.754,0.754,0.755,0.509,0.599,0.157
g25,T,AIxVR,129,1,LogReg,0.583,0.574,0.527,44,24,31,30,0.587,0.647,0.615,0.556,0.492,0.522,0.569,0.571,0.569,0.141,0.475,0.194
g25,T,AIED,129,4,QDA,0.604,0.574,0.527,55,13,42,19,0.567,0.809,0.667,0.594,0.311,0.409,0.538,0.545,0.560,0.139,0.440,0.179
g25,T,linguistic,129,7,QDA,0.774,0.775,0.527,48,20,9,52,0.842,0.706,0.768,0.722,0.852,0.782,0.775,0.775,0.779,0.561,0.707,0.216
g25,T,linguistic+AIED,129,11,QDA,0.788,0.767,0.527,50,18,12,49,0.806,0.735,0.769,0.731,0.803,0.766,0.767,0.768,0.769,0.538,0.658,0.211
g25,All,AIxVR,243,2,LogReg,0.625,0.601,0.519,96,30,67,50,0.589,0.762,0.664,0.625,0.427,0.508,0.586,0.589,0.595,0.201,0.398,0.163
g25,T,GazexSpeaking,129,6,QDA,0.663,0.674,0.527,36,32,10,51,0.783,0.529,0.632,0.614,0.836,0.708,0.670,0.668,0.683,0.381,0.574,0.271
g25,All,AIED,243,4,QDA,0.605,0.593,0.519,93,33,66,51,0.585,0.738,0.653,0.607,0.436,0.507,0.580,0.583,0.587,0.183,0.404,0.177
g25,T,linguistic+GazexSpeaking,129,13,NB,0.736,0.752,0.527,42,26,6,55,0.875,0.618,0.724,0.679,0.902,0.775,0.749,0.748,0.760,0.536,0.674,0.297
g16,D,AIxVR,72,2,QDA,0.644,0.653,0.653,7,18,7,40,0.500,0.280,0.359,0.690,0.851,0.762,0.560,0.622,0.566,0.158,0.420,0.114
g16,D,AIED,72,4,LogReg,0.748,0.750,0.653,13,12,6,41,0.684,0.520,0.591,0.774,0.872,0.820,0.705,0.740,0.696,0.424,0.440,0.059
g16,D,GazexSpeaking,72,6,LogReg,0.806,0.806,0.653,11,14,0,47,1.000,0.440,0.611,0.770,1.000,0.870,0.741,0.780,0.720,0.582,0.561,0.145
g16,All,AIED,153,4,QDA,0.605,0.601,0.562,35,32,29,57,0.547,0.522,0.534,0.640,0.663,0.651,0.593,0.600,0.593,0.186,0.435,0.229
g25,All,GazexSpeaking,243,6,SVM,0.752,0.757,0.519,81,45,14,103,0.853,0.643,0.733,0.696,0.880,0.777,0.755,0.754,0.762,0.536,0.647,0.235
g16,All,AIxVR,153,2,NB,0.630,0.627,0.562,37,30,27,59,0.578,0.552,0.565,0.663,0.686,0.674,0.620,0.626,0.619,0.240,0.431,0.185
g16,D,linguistic+AIED,72,11,LogReg,0.777,0.778,0.653,18,7,9,38,0.667,0.720,0.692,0.844,0.809,0.826,0.759,0.780,0.764,0.520,0.636,0.140
g16,All,GazexSpeaking,153,6,QDA,0.788,0.784,0.562,39,28,5,81,0.886,0.582,0.703,0.743,0.942,0.831,0.767,0.775,0.762,0.574,0.636,0.192
g16,D,linguistic,72,7,NB,0.621,0.625,0.653,6,19,8,39,0.429,0.240,0.308,0.672,0.830,0.743,0.525,0.592,0.535,0.084,0.475,0.131
g16,All,linguistic,153,7,QDA,0.807,0.797,0.562,46,21,10,76,0.821,0.687,0.748,0.784,0.884,0.831,0.789,0.794,0.785,0.587,0.715,0.193
g25,All,linguistic+GazexSpeaking,243,13,QDA,0.768,0.770,0.519,86,40,16,101,0.843,0.683,0.754,0.716,0.863,0.783,0.769,0.768,0.773,0.553,0.662,0.259
g16,D,linguistic+GazexSpeaking,72,13,LogReg,0.768,0.764,0.653,15,10,7,40,0.682,0.600,0.638,0.800,0.851,0.825,0.732,0.760,0.726,0.466,0.624,0.142
g16,T,AIxVR,81,1,LogReg,0.596,0.580,0.519,25,17,17,22,0.595,0.595,0.595,0.564,0.564,0.564,0.580,0.580,0.580,0.159,0.478,0.183
g16,T,AIED,81,4,LogReg,0.615,0.593,0.519,29,13,20,19,0.592,0.690,0.637,0.594,0.487,0.535,0.586,0.588,0.589,0.182,0.485,0.263
g16,T,GazexSpeaking,81,6,NB,0.826,0.827,0.519,30,12,2,37,0.938,0.714,0.811,0.755,0.949,0.841,0.826,0.825,0.832,0.678,0.704,0.231
g16,T,linguistic,81,7,NB,0.868,0.864,0.519,33,9,2,37,0.943,0.786,0.857,0.804,0.949,0.871,0.864,0.864,0.867,0.741,0.792,0.206
g16,T,linguistic+AIED,81,11,NB,0.832,0.815,0.519,32,10,5,34,0.865,0.762,0.810,0.773,0.872,0.819,0.815,0.815,0.817,0.636,0.706,0.173
g16,T,linguistic+GazexSpeaking,81,13,NB,0.895,0.889,0.519,34,8,1,38,0.971,0.810,0.883,0.826,0.974,0.894,0.889,0.888,0.892,0.791,0.818,0.188
g25,All,linguistic+AIED,243,11,NB,0.768,0.770,0.519,81,45,11,106,0.880,0.643,0.743,0.702,0.906,0.791,0.767,0.766,0.774,0.565,0.661,0.249
g16,All,linguistic+AIED,153,11,LogReg,0.776,0.765,0.562,43,24,12,74,0.782,0.642,0.705,0.755,0.860,0.804,0.755,0.761,0.751,0.519,0.679,0.203
g16,All,linguistic+GazexSpeaking,153,13,NB,0.816,0.804,0.562,47,20,10,76,0.825,0.701,0.758,0.792,0.884,0.835,0.797,0.801,0.793,0.601,0.727,0.176
g25,All,linguistic,243,7,NB,0.768,0.761,0.519,82,44,14,103,0.854,0.651,0.739,0.701,0.880,0.780,0.760,0.759,0.766,0.543,0.661,0.218
