groupset,split,detector,n,n_groups,n_feat,rank,model,acc_mean,acc_std,majority,perm_p,t_maj,p_ttest_maj,cohen_d_maj
g20,D,AIED,79,8,4,1,NB,0.749,0.145,0.595,0.1030,3.003,0.0198,1.062
g20,D,AIED,79,8,4,2,LogReg,0.748,0.162,0.595,,2.677,0.0317,0.946
g20,D,AIxVR,79,8,2,1,LogReg,0.672,0.195,0.595,0.3621,1.111,0.3034,0.393
g20,D,AIxVR,79,8,2,2,NB,0.651,0.184,0.595,,0.858,0.4194,0.303
g20,D,linguistic+GazexSpeaking,79,8,13,1,LogReg,0.842,0.088,0.595,0.0033,7.962,0.0001,2.815
g20,D,linguistic+GazexSpeaking,79,8,13,2,SVM,0.793,0.138,0.595,,4.053,0.0049,1.433
g20,D,linguistic+AIED,79,8,11,1,LogReg,0.815,0.123,0.595,0.0033,5.082,0.0014,1.797
g20,D,linguistic+AIED,79,8,11,2,SVM,0.748,0.204,0.595,,2.126,0.0711,0.752
g20,D,GazexSpeaking,79,8,6,1,SVM,0.830,0.102,0.595,0.0831,6.500,0.0003,2.298
g20,D,GazexSpeaking,79,8,6,2,LogReg,0.805,0.106,0.595,,5.627,0.0008,1.989
g20,D,linguistic,79,8,7,1,LogReg,0.680,0.183,0.595,0.1163,1.311,0.2313,0.463
g20,D,linguistic,79,8,7,2,NB,0.642,0.143,0.595,,0.940,0.3786,0.332
g20,T,AIxVR,106,12,1,1,LogReg,0.581,0.253,0.538,0.0033,0.600,0.5608,0.173
g20,T,AIxVR,106,12,1,2,QDA,0.576,0.244,0.538,,0.543,0.5979,0.157
g20,T,AIED,106,12,4,1,QDA,0.628,0.280,0.538,0.0100,1.124,0.2849,0.324
g20,T,AIED,106,12,4,2,LogReg,0.592,0.222,0.538,,0.846,0.4153,0.244
g20,T,linguistic,106,12,7,1,NB,0.766,0.243,0.538,0.0033,3.253,0.0077,0.939
g20,T,linguistic,106,12,7,2,QDA,0.752,0.216,0.538,,3.431,0.0056,0.991
g20,T,linguistic+AIED,106,12,11,1,QDA,0.776,0.232,0.538,0.0033,3.567,0.0044,1.030
g20,T,linguistic+AIED,106,12,11,2,SVM,0.741,0.168,0.538,,4.203,0.0015,1.213
g20,T,GazexSpeaking,106,12,6,1,NB,0.695,0.294,0.538,0.0033,1.857,0.0903,0.536
g20,T,GazexSpeaking,106,12,6,2,LogReg,0.677,0.220,0.538,,2.190,0.0510,0.632
g20,All,AIED,185,20,4,1,QDA,0.626,0.247,0.519,0.0930,1.934,0.0682,0.432
g20,All,AIED,185,20,4,2,NB,0.575,0.258,0.519,,0.973,0.3427,0.218
g20,T,linguistic+GazexSpeaking,106,12,13,1,NB,0.758,0.306,0.538,0.0033,2.489,0.0301,0.718
g20,T,linguistic+GazexSpeaking,106,12,13,2,LogReg,0.704,0.223,0.538,,2.591,0.0251,0.748
g20,All,linguistic,185,20,7,1,SVM,0.771,0.210,0.519,0.0033,5.365,0.0000,1.200
g20,All,linguistic,185,20,7,2,QDA,0.766,0.199,0.519,,5.541,0.0000,1.239
g20,All,linguistic+AIED,185,20,11,1,SVM,0.794,0.152,0.519,0.0033,8.087,0.0000,1.808
g20,All,linguistic+AIED,185,20,11,2,QDA,0.766,0.197,0.519,,5.599,0.0000,1.252
g20,All,linguistic+GazexSpeaking,185,20,13,1,QDA,0.786,0.200,0.519,0.0100,5.957,0.0000,1.332
g20,All,linguistic+GazexSpeaking,185,20,13,2,NB,0.778,0.250,0.519,,4.642,0.0002,1.038
g20,All,AIxVR,185,20,2,1,NB,0.625,0.246,0.519,0.0299,1.930,0.0686,0.432
g20,All,AIxVR,185,20,2,2,LogReg,0.614,0.242,0.519,,1.769,0.0929,0.396
g21,D,AIxVR,89,9,2,1,NB,0.747,0.181,0.528,0.2558,3.633,0.0067,1.211
g21,D,AIxVR,89,9,2,2,LogReg,0.737,0.184,0.528,,3.395,0.0094,1.132
g21,D,linguistic,89,9,7,1,LogReg,0.730,0.172,0.528,0.0266,3.525,0.0078,1.175
g21,D,linguistic,89,9,7,2,NB,0.730,0.166,0.528,,3.653,0.0065,1.218
g21,D,GazexSpeaking,89,9,6,1,LogReg,0.827,0.111,0.528,0.0166,8.062,0.0000,2.687
g21,D,GazexSpeaking,89,9,6,2,SVM,0.807,0.128,0.528,,6.520,0.0002,2.173
g21,D,AIED,89,9,4,1,NB,0.753,0.140,0.528,0.3156,4.818,0.0013,1.606
g21,D,AIED,89,9,4,2,QDA,0.749,0.169,0.528,,3.916,0.0044,1.305
g20,All,GazexSpeaking,185,20,6,1,QDA,0.734,0.238,0.519,0.0066,4.055,0.0007,0.907
g20,All,GazexSpeaking,185,20,6,2,SVM,0.729,0.233,0.519,,4.041,0.0007,0.903
g21,All,AIED,195,21,4,1,QDA,0.646,0.256,0.508,0.0399,2.467,0.0228,0.538
g21,All,AIED,195,21,4,2,NB,0.625,0.250,0.508,,2.140,0.0449,0.467
g21,D,linguistic+AIED,89,9,11,1,LogReg,0.804,0.099,0.528,0.0033,8.393,0.0000,2.798
g21,D,linguistic+AIED,89,9,11,2,SVM,0.758,0.135,0.528,,5.105,0.0009,1.702
g21,D,linguistic+GazexSpeaking,89,9,13,1,LogReg,0.781,0.149,0.528,0.0066,5.081,0.0010,1.694
g21,D,linguistic+GazexSpeaking,89,9,13,2,NB,0.750,0.144,0.528,,4.626,0.0017,1.542
g21,T,AIxVR,106,12,1,1,LogReg,0.581,0.253,0.538,0.0033,0.600,0.5608,0.173
g21,T,AIxVR,106,12,1,2,QDA,0.576,0.244,0.538,,0.543,0.5979,0.157
g21,All,GazexSpeaking,195,21,6,1,QDA,0.747,0.239,0.508,0.0033,4.601,0.0002,1.004
g21,All,GazexSpeaking,195,21,6,2,NB,0.725,0.229,0.508,,4.337,0.0003,0.946
g21,All,linguistic,195,21,7,1,SVM,0.782,0.211,0.508,0.0033,5.965,0.0000,1.302
g21,All,linguistic,195,21,7,2,QDA,0.770,0.224,0.508,,5.349,0.0000,1.167
g21,All,linguistic+GazexSpeaking,195,21,13,1,QDA,0.787,0.201,0.508,0.0066,6.369,0.0000,1.390
g21,All,linguistic+GazexSpeaking,195,21,13,2,NB,0.784,0.245,0.508,,5.170,0.0000,1.128
g21,T,AIED,106,12,4,1,QDA,0.628,0.280,0.538,0.0100,1.124,0.2849,0.324
g21,T,AIED,106,12,4,2,LogReg,0.592,0.222,0.538,,0.846,0.4153,0.244
g21,T,linguistic+AIED,106,12,11,1,QDA,0.776,0.232,0.538,0.0033,3.567,0.0044,1.030
g21,T,linguistic+AIED,106,12,11,2,SVM,0.741,0.168,0.538,,4.203,0.0015,1.213
g21,T,linguistic+GazexSpeaking,106,12,13,1,NB,0.758,0.306,0.538,0.0033,2.489,0.0301,0.718
g21,T,linguistic+GazexSpeaking,106,12,13,2,LogReg,0.704,0.223,0.538,,2.591,0.0251,0.748
g21,T,GazexSpeaking,106,12,6,1,NB,0.695,0.294,0.538,0.0033,1.857,0.0903,0.536
g21,T,GazexSpeaking,106,12,6,2,LogReg,0.677,0.220,0.538,,2.190,0.0510,0.632
g21,All,linguistic+AIED,195,21,11,1,SVM,0.792,0.145,0.508,0.0033,8.962,0.0000,1.956
g21,All,linguistic+AIED,195,21,11,2,NB,0.769,0.244,0.508,,4.911,0.0001,1.072
g21,All,AIxVR,195,21,2,1,QDA,0.654,0.254,0.508,0.5116,2.643,0.0156,0.577
g21,All,AIxVR,195,21,2,2,LogReg,0.653,0.256,0.508,,2.602,0.0170,0.568
g21,T,linguistic,106,12,7,1,NB,0.766,0.243,0.538,0.0033,3.253,0.0077,0.939
g21,T,linguistic,106,12,7,2,QDA,0.752,0.216,0.538,,3.431,0.0056,0.991
g25,D,AIxVR,114,11,2,1,LogReg,0.707,0.201,0.509,0.7176,3.275,0.0084,0.988
g25,D,AIxVR,114,11,2,2,NB,0.674,0.218,0.509,,2.513,0.0307,0.758
g25,D,AIED,114,11,4,1,NB,0.630,0.207,0.509,0.6478,1.945,0.0804,0.586
g25,D,AIED,114,11,4,2,LogReg,0.625,0.235,0.509,,1.634,0.1333,0.493
g25,D,GazexSpeaking,114,11,6,1,SVM,0.741,0.160,0.509,0.4252,4.809,0.0007,1.450
g25,D,GazexSpeaking,114,11,6,2,NB,0.740,0.181,0.509,,4.246,0.0017,1.280
g25,D,linguistic,114,11,7,1,SVM,0.745,0.155,0.509,0.0033,5.063,0.0005,1.526
g25,D,linguistic,114,11,7,2,LogReg,0.736,0.150,0.509,,5.036,0.0005,1.519
g25,D,linguistic+GazexSpeaking,114,11,13,1,LogReg,0.790,0.132,0.509,0.0033,7.060,0.0000,2.129
g25,D,linguistic+GazexSpeaking,114,11,13,2,NB,0.754,0.140,0.509,,5.807,0.0002,1.751
g25,D,linguistic+AIED,114,11,11,1,LogReg,0.769,0.153,0.509,0.0033,5.639,0.0002,1.700
g25,D,linguistic+AIED,114,11,11,2,SVM,0.753,0.131,0.509,,6.198,0.0001,1.869
g25,T,AIxVR,129,14,1,1,LogReg,0.583,0.242,0.527,0.0033,0.869,0.4004,0.232
g25,T,AIxVR,129,14,1,2,QDA,0.540,0.225,0.527,,0.216,0.8326,0.058
g25,T,AIED,129,14,4,1,QDA,0.604,0.264,0.527,0.0100,1.087,0.2966,0.291
g25,T,AIED,129,14,4,2,NB,0.575,0.278,0.527,,0.643,0.5314,0.172
g25,T,linguistic,129,14,7,1,QDA,0.774,0.189,0.527,0.0033,4.897,0.0003,1.309
g25,T,linguistic,129,14,7,2,LogReg,0.766,0.184,0.527,,4.861,0.0003,1.299
g25,All,AIxVR,243,25,2,1,LogReg,0.625,0.274,0.519,0.0731,1.952,0.0627,0.390
g25,All,AIxVR,243,25,2,2,QDA,0.607,0.271,0.519,,1.636,0.1149,0.327
g25,T,linguistic+AIED,129,14,11,1,QDA,0.788,0.184,0.527,0.0033,5.308,0.0001,1.419
g25,T,linguistic+AIED,129,14,11,2,NB,0.778,0.201,0.527,,4.673,0.0004,1.249
g25,T,linguistic+GazexSpeaking,129,14,13,1,NB,0.736,0.291,0.527,0.0033,2.689,0.0186,0.719
g25,T,linguistic+GazexSpeaking,129,14,13,2,QDA,0.708,0.283,0.527,,2.401,0.0320,0.642
g25,All,AIED,243,25,4,1,QDA,0.605,0.255,0.519,0.0897,1.687,0.1046,0.337
g25,All,AIED,243,25,4,2,NB,0.587,0.254,0.519,,1.350,0.1896,0.270
g25,T,GazexSpeaking,129,14,6,1,QDA,0.663,0.277,0.527,0.0033,1.840,0.0887,0.492
g25,T,GazexSpeaking,129,14,6,2,NB,0.645,0.278,0.527,,1.595,0.1347,0.426
g25,All,linguistic+AIED,243,25,11,1,NB,0.768,0.249,0.519,0.0033,5.023,0.0000,1.005
g25,All,linguistic+AIED,243,25,11,2,QDA,0.766,0.188,0.519,,6.582,0.0000,1.316
g16,D,AIxVR,72,7,2,1,QDA,0.644,0.225,0.653,0.8405,-0.104,0.9207,-0.039
g16,D,AIxVR,72,7,2,2,SVM,0.640,0.284,0.653,,-0.119,0.9089,-0.045
g25,All,GazexSpeaking,243,25,6,1,SVM,0.752,0.237,0.519,0.0033,4.930,0.0000,0.986
g25,All,GazexSpeaking,243,25,6,2,LogReg,0.738,0.236,0.519,,4.663,0.0001,0.933
g16,All,AIxVR,153,16,2,1,NB,0.630,0.263,0.562,0.0565,1.033,0.3180,0.258
g16,All,AIxVR,153,16,2,2,LogReg,0.623,0.266,0.562,,0.915,0.3747,0.229
g16,D,AIED,72,7,4,1,LogReg,0.748,0.178,0.653,0.2292,1.419,0.2058,0.536
g16,D,AIED,72,7,4,2,QDA,0.705,0.148,0.653,,0.925,0.3907,0.350
g16,D,GazexSpeaking,72,7,6,1,LogReg,0.806,0.082,0.653,0.0498,4.938,0.0026,1.866
g16,D,GazexSpeaking,72,7,6,2,SVM,0.754,0.155,0.653,,1.723,0.1356,0.651
g25,All,linguistic+GazexSpeaking,243,25,13,1,QDA,0.768,0.251,0.519,0.0033,4.973,0.0000,0.995
g25,All,linguistic+GazexSpeaking,243,25,13,2,NB,0.762,0.241,0.519,,5.052,0.0000,1.010
g16,All,AIED,153,16,4,1,QDA,0.605,0.264,0.562,0.4186,0.654,0.5233,0.163
g16,All,AIED,153,16,4,2,NB,0.601,0.245,0.562,,0.629,0.5385,0.157
g16,D,linguistic,72,7,7,1,NB,0.621,0.213,0.653,0.1728,-0.397,0.7054,-0.150
g16,D,linguistic,72,7,7,2,QDA,0.614,0.164,0.653,,-0.633,0.5499,-0.239
g16,All,GazexSpeaking,153,16,6,1,QDA,0.788,0.147,0.562,0.0033,6.150,0.0000,1.537
g16,All,GazexSpeaking,153,16,6,2,NB,0.782,0.140,0.562,,6.262,0.0000,1.566
g16,All,linguistic,153,16,7,1,QDA,0.807,0.163,0.562,0.0033,6.013,0.0000,1.503
g16,All,linguistic,153,16,7,2,NB,0.801,0.157,0.562,,6.087,0.0000,1.522
g16,D,linguistic+AIED,72,7,11,1,LogReg,0.777,0.092,0.653,0.0033,3.565,0.0119,1.348
g16,D,linguistic+AIED,72,7,11,2,SVM,0.677,0.180,0.653,,0.363,0.7290,0.137
g16,D,linguistic+GazexSpeaking,72,7,13,1,LogReg,0.768,0.078,0.653,0.0166,3.903,0.0080,1.475
g16,D,linguistic+GazexSpeaking,72,7,13,2,SVM,0.756,0.108,0.653,,2.527,0.0449,0.955
g16,All,linguistic+GazexSpeaking,153,16,13,1,NB,0.816,0.146,0.562,0.0033,6.969,0.0000,1.742
g16,All,linguistic+GazexSpeaking,153,16,13,2,QDA,0.802,0.129,0.562,,7.451,0.0000,1.863
g16,T,AIxVR,81,9,1,1,LogReg,0.596,0.219,0.519,0.0233,1.058,0.3209,0.353
g16,T,AIxVR,81,9,1,2,QDA,0.582,0.229,0.519,,0.828,0.4319,0.276
g16,T,GazexSpeaking,81,9,6,1,NB,0.826,0.173,0.519,0.0033,5.323,0.0007,1.774
g16,T,GazexSpeaking,81,9,6,2,QDA,0.783,0.177,0.519,,4.491,0.0020,1.497
g16,T,linguistic,81,9,7,1,NB,0.868,0.158,0.519,0.0033,6.635,0.0002,2.212
g16,T,linguistic,81,9,7,2,SVM,0.813,0.124,0.519,,7.112,0.0001,2.371
g16,T,linguistic+AIED,81,9,11,1,NB,0.832,0.123,0.519,0.0033,7.662,0.0001,2.554
g16,T,linguistic+AIED,81,9,11,2,LogReg,0.798,0.147,0.519,,5.695,0.0005,1.898
g16,T,linguistic+GazexSpeaking,81,9,13,1,NB,0.895,0.129,0.519,0.0033,8.751,0.0000,2.917
g16,T,linguistic+GazexSpeaking,81,9,13,2,LogReg,0.832,0.160,0.519,,5.870,0.0004,1.957
g16,T,AIED,81,9,4,1,LogReg,0.615,0.299,0.519,0.0066,0.971,0.3598,0.324
g16,T,AIED,81,9,4,2,NB,0.615,0.286,0.519,,1.017,0.3391,0.339
g16,All,linguistic+AIED,153,16,11,1,LogReg,0.776,0.191,0.562,0.0033,4.485,0.0004,1.121
g16,All,linguistic+AIED,153,16,11,2,NB,0.773,0.174,0.562,,4.837,0.0002,1.209
g25,All,linguistic,243,25,7,1,NB,0.768,0.216,0.519,0.0033,5.770,0.0000,1.154
g25,All,linguistic,243,25,7,2,QDA,0.766,0.200,0.519,,6.165,0.0000,1.233
