,seconds_interaction_window,group_type,group_name,TE,MG,1d_DG,BPM,blink_durations
0,0.0,dyad,dyad_01,0.6653012413727778,0.013617960986382,0.1722488038277511,4.0,153.0
1,30.0,dyad,dyad_01,0.734481410242963,0.0,0.0642367376398411,8.0,148.71428571428572
2,60.0,dyad,dyad_01,0.7564016672998147,0.0,0.0855072463768115,9.0,148.46875
3,90.0,dyad,dyad_01,0.7446562732348148,0.0,0.0406533575317604,6.5,131.29166666666669
4,120.0,dyad,dyad_01,0.7194022237035185,0.0,0.0409420289855072,11.0,139.44444444444446
5,150.0,dyad,dyad_01,0.7194573511507407,0.0,0.0611576265016381,7.5,
6,180.0,dyad,dyad_01,0.4568379909974074,0.0,0.0238957277335264,7.5,173.39285714285714
7,210.0,dyad,dyad_01,0.666391950865926,0.0,0.022463768115942,7.5,171.26923076923077
8,240.0,dyad,dyad_01,0.47048033683481477,0.0029143897996357,0.3719489981785063,8.0,144.5
9,270.0,dyad,dyad_01,0.7410785595037036,0.0,0.2392792792792792,7.5,176.60714285714286
10,300.0,dyad,dyad_01,0.18881292035129627,0.0,0.0489130434782608,6.0,
11,330.0,dyad,dyad_01,0.24029253997074074,0.0,0.0,11.0,139.85
12,360.0,dyad,dyad_01,0.6163157393103703,0.0,0.0953405017921147,10.5,
13,390.0,dyad,dyad_01,0.21718466356648147,0.0,0.0257713248638837,7.5,
14,420.0,dyad,dyad_01,0.5351825403335184,0.0,0.0086299892125134,8.5,
15,450.0,dyad,dyad_01,0.13457330935796297,0.0,0.0021621621621621,8.5,
16,480.0,dyad,dyad_01,0.6146039312868519,0.0,0.0,10.0,152.625
17,510.0,dyad,dyad_01,0.6967409967316667,0.0,0.0,6.0,302.04545454545456
18,540.0,dyad,dyad_01,0.6831318189003703,0.0,0.0,8.0,168.78571428571428
19,570.0,dyad,dyad_01,0.49233441122333327,0.0,0.1350668111231491,6.5,
20,600.0,dyad,dyad_01,0.05683098799999999,0.0,0.0,10.0,136.6578947368421
0,0.0,dyad,dyad_02,0.6428369568985185,0.0,0.3893333333333333,10.0,222.8131313131313
1,30.0,dyad,dyad_02,0.35452516038962967,0.0,0.1073564593301435,15.5,216.5625
2,60.0,dyad,dyad_02,0.3650428936862963,0.0,0.1160767846430713,22.5,231.58508403361344
3,90.0,dyad,dyad_02,0.17981891427388888,0.0,0.1644618159951894,27.0,228.9368421052632
4,120.0,dyad,dyad_02,0.4728077392348148,0.0,0.1213389121338912,26.5,271.0098484848485
5,150.0,dyad,dyad_02,0.34296764143,0.0,0.0,11.0,249.65
6,180.0,dyad,dyad_02,0.5964963300331482,0.0,0.125408618127786,10.5,222.66666666666669
7,210.0,dyad,dyad_02,0.29829118797277776,0.0,0.2959305804907241,18.5,240.7646198830409
8,240.0,dyad,dyad_02,0.042420084912962966,0.0,0.091072498502097,16.5,223.6833333333333
9,270.0,dyad,dyad_02,0.3772855358994444,0.0,0.0463516746411483,12.0,241.92857142857144
10,300.0,dyad,dyad_02,0.6775667611111111,0.0,0.1610320284697509,9.5,251.85
11,330.0,dyad,dyad_02,0.5658993262061112,0.0,0.0747747747747747,15.0,211.625
12,360.0,dyad,dyad_02,0.6320253237305555,0.0,0.2168710738857313,20.5,293.10047846889955
13,390.0,dyad,dyad_02,0.2786117337138889,0.0,0.4669926650366748,7.5,258.3125
14,420.0,dyad,dyad_02,0.0741452492911111,0.0,0.2817745803357314,17.0,241.9387351778656
15,450.0,dyad,dyad_02,0.3790586637037037,0.0,0.1677360219981668,18.5,265.36378205128204
16,480.0,dyad,dyad_02,0.2041755428231562,0.0,0.2220828105395232,6.5,212.21666666666667
0,0.0,dyad,dyad_03,0.5719418438451852,0.9776164549304296,0.0223835450695704,4.5,181.725
1,30.0,dyad,dyad_03,0.6868349807331481,0.8578567462520822,0.1066074403109383,10.5,165.1394230769231
2,60.0,dyad,dyad_03,0.6863987248394444,0.6858089453340696,0.29872998343456647,19.5,164.29365079365078
3,90.0,dyad,dyad_03,0.7663752718553704,0.8315158124318429,0.1155943293347873,13.0,186.16060606060609
4,120.0,dyad,dyad_03,0.6588192471642593,0.6330935251798561,0.2639734366353071,13.5,188.01420454545456
5,150.0,dyad,dyad_03,0.44768992634666666,0.5825190010857764,0.35667752442996725,19.0,187.27777777777777
6,180.0,dyad,dyad_03,0.7072526435468519,0.4716466739367502,0.4427480916030533,18.5,181.1971153846154
7,210.0,dyad,dyad_03,0.7565215776748148,0.5364902506963788,0.4050139275766016,16.0,199.75757575757572
8,240.0,dyad,dyad_03,0.5607152988988889,0.6659154929577464,0.3008450704225351,13.5,194.69444444444449
9,270.0,dyad,dyad_03,0.6468762284068518,0.4730176211453744,0.45814977973568277,17.5,204.40833333333333
10,300.0,dyad,dyad_03,0.22886961939333333,0.8127753303964758,0.18722466960352419,18.0,195.71103896103892
11,330.0,dyad,dyad_03,0.6925236252148148,0.7243835616438357,0.2487671232876711,17.5,171.9264705882353
12,360.0,dyad,dyad_03,0.68635295188,0.5260243632336655,0.3820598006644518,19.5,178.99197860962568
13,390.0,dyad,dyad_03,0.6897376657101852,0.4885120350109409,0.4070021881838073,17.5,187.3267973856209
14,420.0,dyad,dyad_03,0.7041056225631481,0.6635616438356164,0.3287671232876711,19.5,184.02236842105265
15,450.0,dyad,dyad_03,0.7100489587416666,0.6848716548334244,0.3113052976515565,18.0,188.2619047619048
16,480.0,dyad,dyad_03,0.5191414493057407,0.5883644346871569,0.3858397365532381,17.0,185.3280701754386
17,510.0,dyad,dyad_03,0.49719139942111107,0.4525790349417637,0.5307820299500832,18.0,187.5139318885449
18,540.0,dyad,dyad_03,0.46856713631759256,0.4458288190682556,0.46045503791982656,17.0,176.0280701754386
19,570.0,dyad,dyad_03,0.39433593056981486,0.3955142231947484,0.46827133479212246,14.5,211.4471153846154
20,600.0,dyad,dyad_03,0.541780515982037,0.59584035975267,0.3198426082068577,14.0,173.21875
21,630.0,dyad,dyad_03,0.5949735046420371,0.4767955801104972,0.3767955801104972,16.0,168.78571428571428
22,660.0,dyad,dyad_03,0.6318823999483333,0.7968236582694413,0.19879518072289148,17.0,183.59122807017545
23,690.0,dyad,dyad_03,0.5763832557474255,0.5350353068984248,0.3536121673003802,19.0,178.76315789473685
0,0.0,dyad,dyad_04,0.5594342045077778,0.1191162343900096,0.33909702209414017,0.0,0
1,30.0,dyad,dyad_04,0.5441486539362963,0.3667755482967802,0.46290247316845534,21.5,182.2586956521739
2,60.0,dyad,dyad_04,0.8275196327603704,0.4801136363636363,0.40577651515151514,19.5,151.49571428571429
3,90.0,dyad,dyad_04,0.628127409797037,0.3316135084427767,0.4643527204502814,23.0,159.33653846153845
4,120.0,dyad,dyad_04,0.665950058175926,0.2136194029850746,0.41324626865671643,21.0,166.52727272727273
5,150.0,dyad,dyad_04,0.7236685906303704,0.2143518518518518,0.49212962962962953,21.0,162.21136363636364
6,180.0,dyad,dyad_04,0.6035807997196296,0.1670533642691415,0.525754060324826,23.0,165.80434782608694
7,210.0,dyad,dyad_04,0.6204465904801852,0.2264239028944911,0.3814192343604108,19.5,167.29365079365078
8,240.0,dyad,dyad_04,0.5638440570812964,0.3155204460966542,0.46561338289962817,25.5,154.05615384615385
9,270.0,dyad,dyad_04,0.6764573972085185,0.5,0.2825070159027128,20.0,181.075
10,300.0,dyad,dyad_04,0.3479503820725926,0.1794751640112465,0.4343955014058106,19.0,163.17628205128204
11,330.0,dyad,dyad_04,0.7810318332564815,0.4092393840410639,0.4367708819412038,21.5,167.3622222222222
12,360.0,dyad,dyad_04,0.7606783724985186,0.2044933516735442,0.4470426409903713,20.5,181.19138755980865
13,390.0,dyad,dyad_04,0.5194424169587037,0.5828278114792347,0.3275781614559029,14.5,156.20833333333331
14,420.0,dyad,dyad_04,0.5912504397825926,0.1879382889200561,0.4034595605423094,14.0,163.8051282051282
15,450.0,dyad,dyad_04,0.13440440866629624,0.1256398324802233,0.4746393671475105,19.5,161.70263157894738
16,480.0,dyad,dyad_04,0.0352279984999999,0.6672794117647058,0.3267463235294117,22.5,175.12747035573125
17,510.0,dyad,dyad_04,0.05157318497629621,0.3250115580212667,0.4378178455848358,18.5,154.81994047619048
18,540.0,dyad,dyad_04,0.6285831785581482,0.1806603773584905,0.3731132075471697,16.0,162.69444444444446
19,570.0,dyad,dyad_04,0.6695251502524074,0.1392405063291139,0.47960618846694786,20.5,146.54425837320576
20,600.0,dyad,dyad_04,0.7699189540505555,0.2923667786845895,0.4503120499279884,17.5,198.21732026143792
21,630.0,dyad,dyad_04,0.498894911357037,0.0,0.1563533301842229,14.0,154.33333333333331
22,660.0,dyad,dyad_04,0.020318456,0.0,0.0,13.5,145.88235294117646
0,0.0,dyad,dyad_05,0.2770905904501852,0.4084507042253521,0.5227837613918807,3.5,221.0
1,30.0,dyad,dyad_05,0.5421811061335186,0.5265598650927488,0.3827993254637436,10.0,222.2070707070707
2,60.0,dyad,dyad_05,0.6203680164214814,0.6136837713808928,0.3153942428035043,13.5,202.42582417582415
3,90.0,dyad,dyad_05,0.7833603173649999,0.5177453027139874,0.4450939457202505,12.5,235.88492063492063
4,120.0,dyad,dyad_05,0.370154550812037,0.5446205170975813,0.44703919933277725,9.0,208.975
5,150.0,dyad,dyad_05,0.6314036001968518,0.7745952677459527,0.2067247820672478,8.5,241.38888888888889
6,180.0,dyad,dyad_05,0.48173380277851846,0.8164948453608247,0.1562886597938144,10.0,245.25
7,210.0,dyad,dyad_05,0.4935712114648148,0.8745294855708908,0.12505227938101202,19.0,228.20238095238096
8,240.0,dyad,dyad_05,0.37714248973611114,0.2596707818930041,0.4905349794238682,11.5,219.83035714285717
9,270.0,dyad,dyad_05,0.1901739280761111,0.2065843621399176,0.2641975308641975,8.5,203.25
10,300.0,dyad,dyad_05,0.5581679891648148,0.4514925373134328,0.5049751243781094,15.0,218.7013574660633
11,330.0,dyad,dyad_05,0.7163560269161111,0.4658101947782843,0.5072523829258184,12.0,225.19444444444449
12,360.0,dyad,dyad_05,0.7357000587644444,0.6502866502866503,0.337018837018837,11.5,187.17777777777775
13,390.0,dyad,dyad_05,0.6239724566783333,0.5333052276559865,0.3815345699831365,15.0,196.59722222222223
14,420.0,dyad,dyad_05,0.5996158505040741,0.6872097931616716,0.3060363022372308,11.5,249.49603174603172
15,450.0,dyad,dyad_05,0.5615550527214815,0.7706734867860188,0.2289002557544756,11.5,226.1208333333333
16,480.0,dyad,dyad_05,0.6733715139550001,0.7773520647083866,0.21328224776500632,16.0,186.0144927536232
17,510.0,dyad,dyad_05,0.29721082060925924,0.7261750754635619,0.27382492453643803,13.5,230.1323529411765
18,540.0,dyad,dyad_05,0.08329835311166667,0.61400512382579,0.3847139197267292,10.0,212.97916666666669
19,570.0,dyad,dyad_05,0.1874186813648148,0.6172631578947368,0.2581052631578947,10.0,209.8
20,600.0,dyad,dyad_05,0.2721517037118518,0.6023265833692374,0.3554502369668246,15.0,231.6818181818182
21,630.0,dyad,dyad_05,0.07517775377645376,0.3369781312127236,0.5586481113320079,13.0,195.60902255639095
0,0.0,dyad,dyad_06,0.702238226205,0.3109203624225083,0.5336194563662374,3.0,200.6681903082694
1,30.0,dyad,dyad_06,0.7515915575883333,0.4167468719923003,0.510587102983638,11.5,185.57222222222225
2,60.0,dyad,dyad_06,0.7955249921444445,0.3489156626506024,0.5508433734939758,9.0,200.0833333333333
3,90.0,dyad,dyad_06,0.790252500984074,0.5415869980879541,0.41730401529636707,12.5,208.10526315789477
4,120.0,dyad,dyad_06,0.73884079149,0.4878640776699029,0.4917475728155339,14.5,202.3297101449276
5,150.0,dyad,dyad_06,0.7803432402177778,0.4581304771178189,0.3597857838364167,13.5,203.94444444444449
6,180.0,dyad,dyad_06,0.7556654744577778,0.3443804034582132,0.5341018251681076,10.5,184.6125
7,210.0,dyad,dyad_06,0.14914871962074072,0.051556420233463,0.5053501945525292,8.5,212.6346153846154
8,240.0,dyad,dyad_06,0.7889203273566666,0.4350808427241548,0.4189122978931895,13.5,175.07894736842104
9,270.0,dyad,dyad_06,0.808484545476111,0.4181905678537055,0.508662175168431,11.0,179.08235294117645
10,300.0,dyad,dyad_06,0.7943012550383334,0.4194647201946472,0.5090024330900242,12.0,207.75
11,330.0,dyad,dyad_06,0.7622842952262963,0.2333818534691897,0.6302765647743813,15.0,219.6304347826087
12,360.0,dyad,dyad_06,0.8322651205381482,0.5138551288283909,0.4759358288770053,12.0,203.875
13,390.0,dyad,dyad_06,0.8470277367525926,0.4413461538461538,0.5081730769230769,17.5,177.91379310344826
14,420.0,dyad,dyad_06,0.7142889121011111,0.3862763915547025,0.43666026871401137,16.0,226.9
15,450.0,dyad,dyad_06,0.8010464913796297,0.2984644913627639,0.6089251439539347,15.5,211.57608695652172
16,480.0,dyad,dyad_06,0.8107306441016667,0.7230250481695568,0.2663776493256262,13.5,206.38888888888889
17,510.0,dyad,dyad_06,0.7968629801601245,0.355512384652744,0.3156872268091306,16.0,205.8816425120773
0,0.0,dyad,dyad_07,0.5313698801164815,0.2737140160453044,0.4884379424256724,13.5,161.39090909090908
1,30.0,dyad,dyad_07,0.5456589685162962,0.1597353497164461,0.5184310018903591,14.5,154.59595959595958
2,60.0,dyad,dyad_07,0.4367367739218519,0.2351576994434137,0.475417439703154,12.5,153.64583333333331
3,90.0,dyad,dyad_07,0.31881494091925927,0.1339622641509434,0.5278301886792452,16.5,178.6888888888889
4,120.0,dyad,dyad_07,0.18415956052462962,0.3114055844770468,0.4661618551822053,18.5,163.52678571428572
5,150.0,dyad,dyad_07,0.5322737178107407,0.2426679280983916,0.5577105014191106,19.0,150.41346153846155
6,180.0,dyad,dyad_07,0.4182101142407408,0.3202273803884415,0.5139744197063003,16.0,171.02813852813853
7,210.0,dyad,dyad_07,0.6083924870933334,0.1918714555765595,0.5396975425330811,18.0,164.48333333333335
8,240.0,dyad,dyad_07,0.773759045094074,0.1491269466729589,0.6668239735724397,20.0,180.63186813186812
9,270.0,dyad,dyad_07,0.6636157090596296,0.0883177570093458,0.5509345794392523,15.5,179.1576086956522
10,300.0,dyad,dyad_07,0.7764818590005556,0.0449545671927307,0.7455762792922047,17.5,189.40384615384616
11,330.0,dyad,dyad_07,0.8223513375324075,0.1086651053864168,0.5840749414519906,13.5,179.4047619047619
12,360.0,dyad,dyad_07,0.6649223658579629,0.0977798771846953,0.3575814832309872,15.5,178.30341880341882
13,390.0,dyad,dyad_07,0.45297880704185184,0.0740915526191599,0.4988201982067012,18.0,181.45
14,420.0,dyad,dyad_07,0.4202709347538889,0.0733302195235871,0.5623540401681456,18.5,184.99848484848485
15,450.0,dyad,dyad_07,0.7307861241677778,0.244360902255639,0.4440789473684209,12.0,170.0
16,480.0,dyad,dyad_07,0.6044744077594445,0.1700328792860498,0.4654767496477219,17.0,168.36458333333331
17,510.0,dyad,dyad_07,0.4657690593951852,0.1058275058275058,0.6363636363636364,17.5,198.75
18,540.0,dyad,dyad_07,0.7136651387516667,0.1027462121212121,0.5975378787878788,11.5,200.75
19,570.0,dyad,dyad_07,0.746392033447963,0.2948003714020427,0.47539461467038063,14.5,176.18947368421053
20,600.0,dyad,dyad_07,0.7327172783701852,0.2205128205128205,0.5454545454545454,18.0,185.22742474916387
21,630.0,dyad,dyad_07,0.6859391551499578,0.1743444365698086,0.4840538625088589,9.0,166.11038961038963
0,0.0,dyad,dyad_08,0.013232458484885738,0.0,0.2442996742671009,11.5,205.325
1,30.0,dyad,dyad_08,0.30630485783768074,0.0,0.1169332597904026,19.5,165.5
2,60.0,dyad,dyad_08,0.3820049545213945,0.0,0.1535929786066922,21.5,177.87073863636363
3,90.0,dyad,dyad_08,0.3660683009930954,0.0,0.3147235905856596,28.0,199.05203619909503
4,120.0,dyad,dyad_08,0.39925716110220966,0.0,0.1329288472145615,20.5,189.05026455026456
5,150.0,dyad,dyad_08,0.27897176940405655,0.0,0.1098840419657647,23.0,202.54166666666669
6,180.0,dyad,dyad_08,0.3230718886528228,0.0,0.2138888888888888,23.5,192.1190476190476
7,210.0,dyad,dyad_08,0.36587143288046264,0.0,0.3239514348785872,28.0,175.29943100995732
8,240.0,dyad,dyad_08,0.22514365061688488,0.0,0.2288043478260869,24.5,195.12857142857143
9,270.0,dyad,dyad_08,0.5314918373099907,0.0,0.1159978009895547,22.0,171.6816091954023
10,300.0,dyad,dyad_08,0.5419097192554723,0.0,0.3333333333333333,23.0,184.21041666666667
11,330.0,dyad,dyad_08,0.58445113190908,0.0,0.0277475516866158,19.0,176.4208754208754
12,360.0,dyad,dyad_08,0.7966520384933536,0.0,0.3167567567567567,23.5,174.3030303030303
13,390.0,dyad,dyad_08,0.716259202072159,0.0076335877862595,0.1112322791712104,16.5,163.02272727272728
14,420.0,dyad,dyad_08,0.41214062232846843,0.0,0.4101861993428258,21.5,169.39488636363637
15,450.0,dyad,dyad_08,0.21499126736476143,0.0,0.2928297755883963,24.0,181.68376068376068
16,480.0,dyad,dyad_08,0.32823250186503455,0.0,0.142085359265262,19.5,180.84615384615387
17,510.0,dyad,dyad_08,0.2267010112276586,0.0,0.2033519553072625,19.5,200.3733766233766
18,540.0,dyad,dyad_08,0.5636723226395646,0.0,0.4720221606648199,18.0,177.45819397993313
19,570.0,dyad,dyad_08,0.6225015160927245,0.0,0.3362979433018344,21.5,179.5511111111111
20,600.0,dyad,dyad_08,0.27321882708341366,0.0,0.5466078323221181,17.0,182.85833333333332
21,630.0,dyad,dyad_08,0.10072645437900593,0.0,0.1813094571908226,24.5,161.97863247863248
22,660.0,dyad,dyad_08,0.568411860251513,0.0,0.7476056338028169,23.5,166.239898989899
23,690.0,dyad,dyad_08,0.7186925979843025,0.0,0.4594745667970933,23.5,185.69590643274853
24,720.0,dyad,dyad_08,0.32453377887821483,0.0,0.335750139431121,21.5,156.69281045751634
25,750.0,dyad,dyad_08,0.5549014414409608,0.0,0.2653399668325041,20.0,173.15625
26,780.0,dyad,dyad_08,0.4738988895511123,0.0,0.0375771172181716,15.5,139.11141304347825
27,810.0,dyad,dyad_08,0.10533382114815967,0.0,0.0,8.0,151.08333333333331
0,0.0,dyad,dyad_09,0.002236365,0.0039603960396039,0.1379537953795378,1.5,
1,30.0,dyad,dyad_09,0.002236365,0.0,0.1346023113528212,5.5,174.9
2,60.0,dyad,dyad_09,0.002236365,0.0,0.147117296222664,5.0,
3,90.0,dyad,dyad_09,0.06812083184617283,0.0046265697290152,0.1890284203569067,6.0,173.22222222222223
4,120.0,dyad,dyad_09,0.03169295713580255,0.0,0.0768733850129198,5.0,
5,150.0,dyad,dyad_09,0.028929644500326555,0.0,0.0,4.5,152.625
6,180.0,dyad,dyad_09,0.03156759311795128,0.0,0.0019723865877712,2.5,136.0
7,210.0,dyad,dyad_09,0.03466048432720246,0.0217105263157894,0.28881578947368414,6.0,135.0
8,240.0,dyad,dyad_09,0.14636446867084776,0.0032404406999351,0.0226830848995463,7.5,176.85227272727275
9,270.0,dyad,dyad_09,0.049091332084603846,0.0880626223091976,0.3633398564905413,11.5,176.40178571428572
10,300.0,dyad,dyad_09,0.10928426485272871,0.0156965336821451,0.9692609548724656,13.5,172.31578947368422
11,330.0,dyad,dyad_09,0.0355707266906072,0.013689700130378,0.5677966101694916,13.5,178.5
12,360.0,dyad,dyad_09,0.02745435341758397,0.0,0.3877146631439894,10.5,195.0833333333333
13,390.0,dyad,dyad_09,0.02546510344358958,0.0,0.3592736705577172,3.5,160.6
14,420.0,dyad,dyad_09,0.1641147523432848,0.0,0.20198019801980188,7.5,144.10714285714286
15,450.0,dyad,dyad_09,0.10747808321386129,0.1888440860215053,0.2466397849462365,13.0,162.64772727272725
16,480.0,dyad,dyad_09,0.025328989882419793,0.1888440860215053,0.3635752688172042,9.0,172.16071428571428
17,510.0,dyad,dyad_09,0.15322343701930433,0.0064935064935064,0.2461038961038961,6.5,198.7
18,540.0,dyad,dyad_09,0.4851105049795926,0.0,0.3511400651465797,9.0,142.8235294117647
0,0.0,dyad,dyad_10,0.01298815,0.0196877121520706,0.2803801765105226,13.0,219.31944444444449
1,30.0,dyad,dyad_10,0.016386593787617285,0.002053388090349,0.301163586584531,18.5,209.4839743589744
2,60.0,dyad,dyad_10,0.04656972918019516,0.0288978494623655,0.25604838709677413,12.0,206.63286713286715
3,90.0,dyad,dyad_10,0.3083929193607449,0.0,0.3024691358024691,14.0,215.37435897435896
4,120.0,dyad,dyad_10,0.2676051187821804,0.0547667342799188,0.27248140635564566,16.0,229.81983805668017
5,150.0,dyad,dyad_10,0.47296966731667833,0.0034843205574912,0.4578397212543554,14.5,235.02941176470588
6,180.0,dyad,dyad_10,0.5198415178267359,0.2943603851444291,0.544704264099037,5.0,202.4583333333333
7,210.0,dyad,dyad_10,0.28231619519585593,0.028101439342015,0.3200822481151473,9.5,171.62820512820514
8,240.0,dyad,dyad_10,0.4538628804533937,0.0014164305949008,0.3052407932011331,12.5,245.38333333333333
9,270.0,dyad,dyad_10,0.5337047105458309,0.0047265361242403,0.4483457123565159,19.5,211.47894736842107
10,300.0,dyad,dyad_10,0.4430213551831641,0.0,0.0126760563380281,8.0,210.21666666666667
11,330.0,dyad,dyad_10,0.119887251289638,0.0148305084745762,0.0903954802259886,9.0,182.3
12,360.0,dyad,dyad_10,0.0053094073401735,0.1132867132867132,0.17762237762237748,6.0,226.16666666666669
13,390.0,dyad,dyad_10,0.0053094073401735,0.1356164383561643,0.2013698630136985,3.5,179.58333333333331
0,0.0,dyad,dyad_11,0.12123061373406609,0.0,0.011661807580174901,4.0,182.41419824646982
1,30.0,dyad,dyad_11,0.7108266686667029,0.0,0.0183339976086089,12.5,166.9805194805195
2,60.0,dyad,dyad_11,0.6081108240459936,0.0,0.0,12.0,173.0888888888889
3,90.0,dyad,dyad_11,0.3845427371529568,0.0,0.0004108463434675,14.0,195.31666666666663
4,120.0,dyad,dyad_11,0.3889345559179119,0.0,0.0,15.0,211.5079365079365
5,150.0,dyad,dyad_11,0.7043971079190375,0.0,0.0,15.0,192.33035714285717
6,180.0,dyad,dyad_11,0.7043971079190375,0.0,0.0404335139641517,15.5,196.44747899159665
7,210.0,dyad,dyad_11,0.6937379769415283,0.0,0.0,12.5,180.28333333333333
8,240.0,dyad,dyad_11,0.5508797996781094,0.0,0.032544378698224796,11.5,175.7111111111111
9,270.0,dyad,dyad_11,0.5224825568059939,0.0,0.0166028097062579,12.5,198.25
10,300.0,dyad,dyad_11,0.5694336748584578,0.0,0.0020990764063811,17.0,182.2411067193676
11,330.0,dyad,dyad_11,0.41430071733047236,0.0,0.0,9.5,175.30714285714288
12,360.0,dyad,dyad_11,0.40244750787433053,0.0,0.0164835164835164,13.0,197.2218045112782
13,390.0,dyad,dyad_11,0.6096977149519635,0.0,0.0530973451327433,14.5,185.5378787878788
14,420.0,dyad,dyad_11,0.41920067175979353,0.0,0.0160337552742616,17.0,163.95416666666665
15,450.0,dyad,dyad_11,0.5203450554385648,0.0,0.051516410469464,14.5,162.38095238095238
16,480.0,dyad,dyad_11,0.4575463935004832,0.0092709650231774,0.10240202275600499,13.0,168.56535947712416
17,510.0,dyad,dyad_11,0.33240555121897475,0.0,0.0066611157368859,14.0,175.91666666666669
0,0.0,triad,triad_01,0.6129412266457407,0.508230452674897,0.4094650205761316,4.666666666666667,155.16666666666666
1,30.0,triad,triad_01,0.4499800087294444,0.1236093943139678,0.611042439225381,17.333333333333332,142.45075501464953
2,60.0,triad,triad_01,0.024201350360740687,0.0623182384711258,0.4162858329871208,9.333333333333334,162.02083333333334
3,90.0,triad,triad_01,0.04062450991777778,0.0794238683127572,0.4987654320987654,4.333333333333333,190.16666666666663
4,120.0,triad,triad_01,0.6296759165898148,0.074393752568845,0.4591039868475133,12.666666666666666,182.76913580246912
5,150.0,triad,triad_01,0.34478480237500003,0.027823920265780698,0.4879568106312291,14.666666666666666,170.01999999999998
6,180.0,triad,triad_01,0.43267331965703704,0.06341463414634141,0.5686991869918698,4.666666666666667,171.20000000000002
7,210.0,triad,triad_01,0.7320100626187037,0.2309269893355208,0.641509433962264,14.666666666666666,188.99893162393164
8,240.0,triad,triad_01,0.723915297829074,0.1987628865979381,0.7637113402061855,14.0,175.4640522875817
9,270.0,triad,triad_01,0.7186257781966666,0.1213235294117646,0.6870915032679737,18.666666666666668,166.54245614035088
10,300.0,triad,triad_01,0.43401630274740743,0.0411861614497527,0.7026359143327839,12.666666666666666,177.33054626532888
11,330.0,triad,triad_01,0.41023849250000005,0.0097959183673469,0.6885714285714285,19.333333333333332,186.64583333333331
12,360.0,triad,triad_01,0.448309450709074,0.13933415536374832,0.785450061652281,15.333333333333334,156.24444444444444
13,390.0,triad,triad_01,0.1948145703225926,0.0674342105263157,0.5941611842105262,7.666666666666667,185.6574074074074
14,420.0,triad,triad_01,0.019937530950925837,0.00410004100041,0.3763837638376383,2.6666666666666665,149.66666666666666
15,450.0,triad,triad_01,0.027785174379629574,0.168932838895756,0.4573547589616809,7.333333333333333,136.9520202020202
16,480.0,triad,triad_01,0.024091606628703705,0.181234963913392,0.7273456295108258,9.0,170.93737373737372
17,510.0,triad,triad_01,0.024059200499999996,0.08285946385052789,0.6039805036555643,9.0,188.6628186628187
18,540.0,triad,triad_01,0.035213487258703685,0.0323362974939369,0.5582053354890864,10.333333333333334,147.88492063492063
19,570.0,triad,triad_01,0.01820928530351849,0.0680131904369331,0.5873866446826049,6.0,152.94444444444446
20,600.0,triad,triad_01,0.6699815460238889,0.22217659137577,0.610677618069815,19.666666666666668,166.24583333333334
21,630.0,triad,triad_01,0.6078375088085185,0.2790601813685077,0.5008244023083263,19.333333333333332,183.9327122153209
22,660.0,triad,triad_01,0.6386615844905555,0.1155264235968865,0.8148299877099547,18.0,171.4377289377289
23,690.0,triad,triad_01,0.6759641200396296,0.5073252406864796,0.456257848472164,17.666666666666668,158.64687100894
24,720.0,triad,triad_01,0.32695114584769963,0.0910165484633569,0.40780141843971607,17.0,179.64772727272725
0,0.0,triad,triad_03,0.45743992715870374,0.0076665069477719,0.1456636320076665,4.0,199.5
1,30.0,triad,triad_03,0.46280470438370375,0.0087167070217917,0.0523002421307506,10.333333333333334,166.8275613275613
2,60.0,triad,triad_03,0.6374913114455555,0.0,0.0649975926817525,12.333333333333334,187.7635964912281
3,90.0,triad,triad_03,0.6649102895962963,0.0,0.1555343511450381,12.333333333333334,174.54545454545453
4,120.0,triad,triad_03,0.4774861543968518,0.0,0.3666828557552209,11.333333333333334,194.6040404040404
5,150.0,triad,triad_03,0.516000979075,0.0425943852855759,0.25508228460793797,10.0,160.4607843137255
6,180.0,triad,triad_03,0.600630786287037,0.0,0.0324455205811138,8.0,178.92628205128207
7,210.0,triad,triad_03,0.5489682953774074,0.0,0.0959767329132331,11.666666666666666,173.33121693121691
8,240.0,triad,triad_03,0.198906224785,0.0,0.1081210956271023,5.333333333333333,203.575
9,270.0,triad,triad_03,0.25693277267685183,0.0,0.0600985221674876,14.0,179.6689814814815
10,300.0,triad,triad_03,0.3010807563362963,0.0,0.161415414444983,9.0,153.87012987012986
11,330.0,triad,triad_03,0.4239121071287037,0.0,0.0935700575815739,12.333333333333334,174.3310185185185
12,360.0,triad,triad_03,0.6120167224542592,0.0,0.0729571984435797,9.333333333333334,185.42929292929293
13,390.0,triad,triad_03,0.7161127448781481,0.0,0.0973837209302325,8.0,201.27777777777771
14,420.0,triad,triad_03,0.3607142621268518,0.0004786979415988,0.2972714217328864,12.0,184.1536796536797
15,450.0,triad,triad_03,0.34602389993277777,0.0004737091425864,0.0402652771198484,11.666666666666666,192.87321937321937
16,480.0,triad,triad_03,0.3126630141568518,0.0,0.0679518072289156,10.0,188.02083333333331
17,510.0,triad,triad_03,0.3491635629437037,0.0,0.135279805352798,10.333333333333334,172.0751322751323
18,540.0,triad,triad_03,0.4995184615459259,0.0,0.0456730769230769,9.666666666666666,187.76556776556777
19,570.0,triad,triad_03,0.5979467229742593,0.0,0.0994236311239193,10.333333333333334,218.178835978836
20,600.0,triad,triad_03,0.41040564839955607,0.0,0.1482014388489208,10.0,189.3121693121693
0,0.0,triad,triad_04,0.587754040172037,0.0,0.6930846930846931,4.333333333333333,139.55555555555557
1,30.0,triad,triad_04,0.3806474185768518,0.0,0.24592030360531308,8.666666666666666,173.7777777777778
2,60.0,triad,triad_04,0.5082362079842592,0.0,0.2205992509363295,4.333333333333333,
3,90.0,triad,triad_04,0.5239828947448147,0.0771266540642722,0.43629489603024557,5.333333333333333,
4,120.0,triad,triad_04,0.5461701915353703,0.0267595307917888,0.41898826979472126,7.333333333333333,138.46666666666667
5,150.0,triad,triad_04,0.6735533545,0.0088888888888888,0.33185185185185184,4.666666666666667,139.0
6,180.0,triad,triad_04,0.5952032395605555,0.0052910052910052005,0.2176870748299318,6.333333333333333,156.16017316017314
7,210.0,triad,triad_04,0.6806726446412963,0.0,0.1038230884557721,3.6666666666666665,
8,240.0,triad,triad_04,0.6801267356266667,0.0,0.2033210332103321,6.0,141.11111111111111
9,270.0,triad,triad_04,0.7558984038237037,0.027346637102734602,0.2405764966740575,3.3333333333333335,169.38333333333333
10,300.0,triad,triad_04,0.7105741674316667,0.0157185628742514,0.6070359281437124,5.666666666666667,157.19047619047618
11,330.0,triad,triad_04,0.6647670005577777,0.0180518992102293,0.3309514855208724,5.0,147.63333333333333
12,360.0,triad,triad_04,0.26734163462888894,0.0,0.1292543021032504,5.0,
13,390.0,triad,triad_04,0.3311089512251852,0.0,0.1123907863383637,10.666666666666666,198.52510683760684
14,420.0,triad,triad_04,0.7437207930183334,0.0,0.12837837837837832,6.333333333333333,
15,450.0,triad,triad_04,0.5366878024418519,0.0083598726114649,0.17078025477707,6.333333333333333,
16,480.0,triad,triad_04,0.3286746984090741,0.0,0.2686860739575137,4.666666666666667,
17,510.0,triad,triad_04,0.3705592071587037,0.0167315175097276,0.3859922178988326,7.333333333333333,
18,540.0,triad,triad_04,0.6131831729546297,0.0,0.1889455115640924,4.333333333333333,
19,570.0,triad,triad_04,0.46376783169351854,0.0144080996884734,0.3773364485981308,4.0,144.18055555555554
20,600.0,triad,triad_04,0.30678566044407407,0.0988679245283018,0.4120754716981131,9.333333333333334,186.92777777777775
21,630.0,triad,triad_04,0.5472246111175927,0.0011286681715575,0.13732129420617,7.333333333333333,145.33333333333334
22,660.0,triad,triad_04,0.782115099143889,0.0,0.0176157312576812,5.666666666666667,139.52910052910053
0,0.0,triad,triad_05,0.18009753597038625,0.06262833675564669,0.6365503080082134,5.0,150.30555555555554
1,30.0,triad,triad_05,0.4545367466588956,0.107361963190184,0.6799591002044989,12.666666666666666,160.3869463869464
2,60.0,triad,triad_05,0.3275503079509503,0.038129130655821,0.6349771225216063,14.666666666666666,170.4932950191571
3,90.0,triad,triad_05,0.26652284810535837,0.0178845171180377,0.8610117526826775,20.0,199.4138888888889
4,120.0,triad,triad_05,0.33093284633989956,0.09314227226202651,0.7830092118730807,18.333333333333332,154.1219576719577
5,150.0,triad,triad_05,0.30683699953189847,0.06002034587995919,0.7624618514750763,16.0,186.48949579831933
6,180.0,triad,triad_05,0.5381712694529103,0.0465597516813243,0.5799275737196067,16.0,169.04444444444445
7,210.0,triad,triad_05,0.5634533015884884,0.0466804979253111,0.646265560165975,17.0,179.92803030303028
8,240.0,triad,triad_05,0.4442771263958488,0.000506329113924,0.3797468354430378,16.666666666666668,156.6912698412698
9,270.0,triad,triad_05,0.5697994089658271,0.0419437340153452,0.3611253196930945,13.666666666666666,155.49444444444444
10,300.0,triad,triad_05,0.5962729629267237,0.12020460358056259,0.6710997442455242,14.666666666666666,172.3530465949821
11,330.0,triad,triad_05,0.6362439615135558,0.09332638164754939,0.6684045881126172,16.666666666666668,171.48174603174604
12,360.0,triad,triad_05,0.6096469343069904,0.050103305785123904,0.81146694214876,13.0,165.49007936507937
13,390.0,triad,triad_05,0.7065577003344846,0.0098598858329008,0.7327451997924235,17.333333333333332,155.10579479000532
14,420.0,triad,triad_05,0.5110454858362525,0.019437340153452602,0.59693094629156,7.0,179.14444444444442
15,450.0,triad,triad_05,0.4009460845352761,0.0288511076764554,0.6517259144770735,16.333333333333332,154.08450170519134
16,480.0,triad,triad_05,0.41328734549275414,0.009885535900104,0.6821019771071799,13.333333333333334,167.10216049382714
17,510.0,triad,triad_05,0.3826308279276415,0.02803738317757,0.7502596053997922,14.666666666666666,152.04761904761904
18,540.0,triad,triad_05,0.29699019474682004,0.2041237113402061,0.4567010309278349,11.333333333333334,210.37728937728937
19,570.0,triad,triad_05,0.2914086224286339,0.0,0.4950955085183272,12.333333333333334,180.11397058823528
20,600.0,triad,triad_05,0.23955977691200683,0.0088587806149035,0.3840541948931735,17.333333333333332,166.98443223443223
21,630.0,triad,triad_05,0.032569098217388105,0.0015408320493066,0.5392912172573189,16.333333333333332,189.72688172043013
0,0.0,triad,triad_06,0.003142593897933028,0.017650303364589,0.612796469939327,1.6666666666666667,207.7777777777778
1,30.0,triad,triad_06,0.33313318159649674,0.0088740987243482,0.7043815862451468,5.666666666666667,201.5436507936508
2,60.0,triad,triad_06,0.5563212829171182,0.0070690592713431,0.451332245785753,9.0,183.95039682539684
3,90.0,triad,triad_06,0.5806014308422108,0.0082918739635157,0.5594250967385295,6.666666666666667,190.71666666666667
4,120.0,triad,triad_06,0.6522624352357054,0.087052341597796,0.6121212121212121,6.0,147.60925925925926
5,150.0,triad,triad_06,0.44502268969704406,0.054718034617531996,0.6058068118369624,4.666666666666667,214.75714285714287
6,180.0,triad,triad_06,0.6389191439974986,0.0,0.4947426674045378,6.0,156.54444444444445
7,210.0,triad,triad_06,0.7414220579703386,0.015267175572519,0.5343511450381677,7.666666666666667,232.13888888888889
8,240.0,triad,triad_06,0.7099123594443043,0.1314502987506789,0.474198804997284,5.666666666666667,185.7777777777778
9,270.0,triad,triad_06,0.6915775447015071,0.11056376573617939,0.40175150519978103,7.0,155.79861111111111
10,300.0,triad,triad_06,0.5800936742362932,0.0995670995670994,0.46861471861471854,8.666666666666666,160.4848484848485
11,330.0,triad,triad_06,0.6902578899587059,0.0044052863436123,0.515418502202643,7.0,208.2095238095238
12,360.0,triad,triad_06,0.6689775605945101,0.0116150442477876,0.4214601769911504,6.666666666666667,204.8074074074074
13,390.0,triad,triad_06,0.47757171181382707,0.0438448566610454,0.503653738055087,11.333333333333334,163.29166666666666
14,420.0,triad,triad_06,0.6483707701882001,0.0104223806911683,0.38069116840373,7.666666666666667,169.24166666666667
15,450.0,triad,triad_06,0.6080254270461898,0.007286995515695,0.34977578475336313,9.666666666666666,203.6178266178266
16,480.0,triad,triad_06,0.6396569041546092,0.0863111599780099,0.5695437053326002,8.0,144.00653594771242
17,510.0,triad,triad_06,0.7440819854605072,0.0340211935303959,0.4930284439486892,10.333333333333334,181.32222222222225
18,540.0,triad,triad_06,0.7275443868423295,0.0011061946902654,0.38108407079646006,8.0,193.7611111111111
19,570.0,triad,triad_06,0.06574846974823752,0.013888888888888801,0.3949999999999999,8.666666666666666,167.11111111111111
20,600.0,triad,triad_06,0.19008077652147065,0.0217233888486603,0.20275162925416348,11.0,183.62342682236064
0,0.0,triad,triad_07,8.6014e-05,0.0135396518375241,0.3070599613152803,4.333333333333333,179.3111111111111
1,30.0,triad,triad_07,0.0014685089533682401,0.0,0.1967851924013638,4.0,209.38888888888889
2,60.0,triad,triad_07,0.0035292492093560363,0.0,0.2553495007132668,6.666666666666667,215.7333333333333
3,90.0,triad,triad_07,0.5077811371736904,0.0460431654676259,0.2330935251798561,6.333333333333333,167.18095238095236
4,120.0,triad,triad_07,0.34158426086747,0.0100574712643678,0.2619731800766283,5.666666666666667,175.4333333333333
5,150.0,triad,triad_07,0.421157104658625,0.0038740920096852,0.0891041162227603,5.333333333333333,173.29999999999998
6,180.0,triad,triad_07,0.2911788050269839,0.0,0.1919729206963249,4.666666666666667,198.7142857142857
7,210.0,triad,triad_07,0.07533892758135398,0.0,0.1124401913875598,5.0,154.81944444444446
8,240.0,triad,triad_07,0.5277256044531524,0.0,0.1892805408015451,4.0,184.86666666666665
9,270.0,triad,triad_07,0.5110360966446836,0.0,0.0209623630300142,5.333333333333333,211.86111111111111
10,300.0,triad,triad_07,0.17632106086993066,0.0,0.0,3.6666666666666665,188.0
11,330.0,triad,triad_07,0.12776380326260892,0.0,0.0114997604216578,1.6666666666666667,178.435
12,360.0,triad,triad_07,0.5612689922416498,0.0,0.1185958254269449,2.3333333333333335,188.2
13,390.0,triad,triad_07,0.6439148780747868,0.0,0.0314960629921259,4.0,223.7222222222222
14,420.0,triad,triad_07,0.5251781688615493,0.0,0.059396299902629,1.3333333333333333,168.66666666666666
0,0.0,triad,triad_08,0.015138500000000001,0.106902871105681,0.5387904703726327,6.666666666666667,187.1988095238095
1,30.0,triad,triad_08,0.03855345309795261,0.0042630937880633,0.3282582216808769,11.0,206.0865060865061
2,60.0,triad,triad_08,0.02243812373690528,0.11394769613947689,0.6183063511830634,9.0,182.4074074074074
3,90.0,triad,triad_08,0.2893735546895405,0.2973955178679588,0.6408237431859478,12.666666666666666,192.36507936507937
4,120.0,triad,triad_08,0.43796791905989857,0.069129916567342,0.433849821215733,4.666666666666667,166.4904761904762
5,150.0,triad,triad_08,0.3233263130512616,0.0,0.12134411947728681,7.666666666666667,163.63888888888889
6,180.0,triad,triad_08,0.0060815931837536925,0.0,0.0945027794935145,5.666666666666667,171.9611111111111
7,210.0,triad,triad_08,0.0055942607186828,0.0122324159021406,0.42935779816513747,4.0,156.29166666666666
8,240.0,triad,triad_08,0.0055942607186828,0.0864345738295317,0.46218487394957974,5.0,192.18055555555557
9,270.0,triad,triad_08,0.0055942607186828,0.0,0.234375,4.666666666666667,177.0277777777778
10,300.0,triad,triad_08,0.018069853743042423,0.0,0.1930477963997517,4.0,200.33333333333331
11,330.0,triad,triad_08,0.060133534103876944,0.0192546583850931,0.2385093167701863,4.0,152.58333333333334
12,360.0,triad,triad_08,0.0074597583401735,0.0,0.0999057492931197,6.0,165.48888888888888
0,0.0,triad,triad_09,0.01298815,0.161744966442953,0.5295302013422818,8.666666666666666,173.70238095238096
1,30.0,triad,triad_09,0.01298815,0.3188405797101449,0.5415019762845849,14.0,196.8425925925926
2,60.0,triad,triad_09,0.022944250808043288,0.2163781624500665,0.6478029294274299,8.666666666666666,203.98051948051952
3,90.0,triad,triad_09,0.1498170094865105,0.4686666666666666,0.40399999999999986,11.333333333333334,207.041910331384
4,120.0,triad,triad_09,0.3768777165375366,0.052702702702702595,0.5587837837837837,15.666666666666666,205.33015873015876
5,150.0,triad,triad_09,0.6409488415137536,0.1862483311081441,0.5387182910547395,12.666666666666666,191.1040305010893
6,180.0,triad,triad_09,0.5845808331748339,0.31165311653116523,0.649051490514905,11.333333333333334,187.2037037037037
7,210.0,triad,triad_09,0.706280641427618,0.1977587343441001,0.5781147000659195,17.0,193.50050505050504
8,240.0,triad,triad_09,0.5476615457037588,0.2113436866981768,0.527346387575962,11.666666666666666,237.88247863247864
9,270.0,triad,triad_09,0.6218743743629251,0.1093643198906356,0.6992481203007518,15.333333333333334,207.1098901098901
10,300.0,triad,triad_09,0.4640103490199581,0.21949556918882068,0.6319018404907975,12.666666666666666,212.5375712250712
11,330.0,triad,triad_09,0.5217914185946605,0.2758169934640522,0.4934640522875816,14.666666666666666,196.31886534518117
12,360.0,triad,triad_09,0.7262049264796583,0.103425559947299,0.6133069828722002,14.0,226.95
13,390.0,triad,triad_09,0.7190636126518354,0.1267893660531696,0.6230402181322425,7.666666666666667,204.5521885521885
14,420.0,triad,triad_09,0.6616240626553508,0.0709491850431446,0.682646212847555,8.0,185.75370370370368
0,0.0,triad,triad_02,0.06655894411907406,0.0094420600858369,0.4682403433476393,6.0,169.7222222222222
1,30.0,triad,triad_02,0.01686134315925926,0.005902192242833,0.3338954468802698,8.0,189.4333333333333
2,60.0,triad,triad_02,0.49510707743444443,0.042652027027026904,0.3597972972972972,10.0,196.91666666666663
3,90.0,triad,triad_02,0.68712743792,0.0225148683092608,0.2676295666949871,12.0,167.81043956043956
4,120.0,triad,triad_02,0.749580078947963,0.008827238335435,0.1736023539302227,11.666666666666666,174.81388888888887
5,150.0,triad,triad_02,0.7402117908633333,0.0,0.255813953488372,11.333333333333334,173.1279461279461
6,180.0,triad,triad_02,0.7267922522431481,0.0,0.1641854529987239,7.0,181.42
7,210.0,triad,triad_02,0.7541085244724074,0.016849199663016,0.2780117944397641,11.666666666666666,195.46964285714284
8,240.0,triad,triad_02,0.7660935050377778,0.0108198085726175,0.2659176029962546,11.333333333333334,179.40313390313392
9,270.0,triad,triad_02,0.7595470335059259,0.0025940337224383,0.4448767833981841,13.333333333333334,192.6488038277512
10,300.0,triad,triad_02,0.7514530831690741,0.0017043033659991,0.471665956540264,7.666666666666667,176.29090909090908
11,330.0,triad,triad_02,0.7819204631146296,0.0,0.1393742381145875,11.0,192.24458874458875
12,360.0,triad,triad_02,0.7326625871455555,0.0,0.4709376325837928,8.0,189.65396825396823
13,390.0,triad,triad_02,0.6208768226640741,0.0079764903442485,0.2921914357682618,6.666666666666667,186.5357142857143
14,420.0,triad,triad_02,0.5677438886598148,0.0038232795242141,0.10492778249787581,10.0,187.05952380952385
15,450.0,triad,triad_02,0.5671294598141026,0.0,0.9999999999999999,2.6666666666666665,191.83333333333331
0,0.0,triad,triad_11,0.28107839593096756,0.08478964401294489,0.9074433656957928,9.333333333333334,155.10690235690234
1,30.0,triad,triad_11,0.49465464867696474,0.0446601941747572,0.8783171521035598,12.666666666666666,155.64595959595962
2,60.0,triad,triad_11,0.45136274559045897,0.0013012361743656,0.9303838646714377,14.0,173.39814814814815
3,90.0,triad,triad_11,0.4550156571062176,0.0123376623376623,0.9740259740259739,12.333333333333334,190.65399088928496
4,120.0,triad,triad_11,0.45631532529403673,0.0690104166666666,0.90625,10.0,168.4523809523809
5,150.0,triad,triad_11,0.43928138895450003,0.0039011703511053,0.966189856957087,11.333333333333334,176.65822440087143
6,180.0,triad,triad_11,0.36415314028657275,0.0282776349614394,0.7416452442159382,14.333333333333334,181.95726495726495
7,210.0,triad,triad_11,0.3421130488608615,0.09335576114381819,0.7653490328006728,9.333333333333334,179.1833333333333
0,0.0,triad,triad_10,0.1552513495748417,0.0114155251141552,0.38242009132420085,2.0,138.16666666666666
1,30.0,triad,triad_10,0.5507232609455002,0.0208685843203609,0.3355893965031021,9.333333333333334,166.3232323232323
2,60.0,triad,triad_10,0.6275088705642055,0.0332056194125159,0.3231162196679436,6.666666666666667,173.7301587301587
3,90.0,triad,triad_10,0.5750580626954326,0.0071823204419889,0.44530386740331485,7.666666666666667,168.72222222222226
4,120.0,triad,triad_10,0.4706765402120062,0.0122290161200667,0.5530850472484712,8.666666666666666,170.27777777777777
5,150.0,triad,triad_10,0.050113848492024105,0.017396184062850602,0.5516273849607181,9.666666666666666,183.7185185185185
6,180.0,triad,triad_10,0.4449247345845046,0.0134680134680134,0.3445566778900111,9.0,172.9507575757576
7,210.0,triad,triad_10,0.34475010974919396,0.0191226096737907,0.4696287964004499,10.666666666666666,179.48333333333335
8,240.0,triad,triad_10,0.20160723971934752,0.0034071550255536,0.23850085178875619,8.333333333333334,163.05413105413106
9,270.0,triad,triad_10,0.5133057199286718,0.0408878504672896,0.6617990654205606,4.333333333333333,204.42222222222225
10,300.0,triad,triad_10,0.42063288888663947,0.0726224783861671,0.5054755043227666,10.0,175.41313131313132
11,330.0,triad,triad_10,0.0058791180971923,0.0033975084937712,0.44507361268403167,9.0,145.14814814814815
12,360.0,triad,triad_10,0.0058791180971923,0.0090960773166571,0.41273450824331986,9.333333333333334,152.5
13,390.0,triad,triad_10,0.005879118097192301,0.0,0.3310613437195715,12.666666666666666,157.36868686868686
0,0.0,triad,triad_14,0.03661017290845843,0.0,0.2280204197390811,2.0,195.5
1,30.0,triad,triad_14,0.1269666945393102,0.0,0.3767045454545454,10.0,175.02910052910053
2,60.0,triad,triad_14,0.33374517873079734,0.0,0.0198525241066364,7.333333333333333,181.61111111111111
3,90.0,triad,triad_14,0.38993794667701526,0.0,0.0493757094211123,11.0,191.20769230769235
4,120.0,triad,triad_14,0.5248286343460817,0.0,0.0022701475595913,10.333333333333334,168.56943056943058
5,150.0,triad,triad_14,0.5501448475473966,0.0,0.0556501987507098,9.0,165.73333333333335
6,180.0,triad,triad_14,0.4933380780147883,0.0,0.0402951191827468,6.333333333333333,169.3904761904762
7,210.0,triad,triad_14,0.49123153610120807,0.0,0.0175836642087351,8.666666666666666,178.55218855218854
8,240.0,triad,triad_14,0.46397337587020676,0.0,0.0039705048213272,7.333333333333333,141.2962962962963
9,270.0,triad,triad_14,0.558755967321159,0.0,0.0419501133786848,9.0,155.3257575757576
10,300.0,triad,triad_14,0.47902171560447887,0.0,0.0,12.0,188.27377946127945
11,330.0,triad,triad_14,0.7001131740879848,0.0,0.1094104308390022,11.333333333333334,197.87777777777785
12,360.0,triad,triad_14,0.6664907300493088,0.0,0.130459444129325,15.0,165.44708994708995
13,390.0,triad,triad_14,0.4169135567198239,0.0,0.0692002268859897,11.666666666666666,185.80952380952385
14,420.0,triad,triad_14,0.6883182411986705,0.0,0.0470254957507082,10.0,180.71314102564105
15,450.0,triad,triad_14,0.5736170312015314,0.0,0.0159090909090909,9.0,167.6388888888889
16,480.0,triad,triad_14,0.4026338721056633,0.0,0.0,8.333333333333334,162.14074074074074
17,510.0,triad,triad_14,0.3672208563882644,0.0,0.0,8.0,169.0972222222222
18,540.0,triad,triad_14,0.6230631165741809,0.0,0.0,9.333333333333334,184.52380952380952
19,570.0,triad,triad_14,0.6481802857353754,0.0,0.0,9.333333333333334,152.57188644688645
0,0.0,triad,triad_12,0.12538490421180254,0.0341058154787931,0.4320069960647135,3.0,261.72222222222223
1,30.0,triad,triad_12,0.4280500942990814,0.0,0.2571301247771836,9.0,177.8782051282051
2,60.0,triad,triad_12,0.5176704600572315,0.0,0.0,12.0,191.2936507936508
3,90.0,triad,triad_12,0.39599074030915105,0.0,0.4206383909051159,9.0,183.0
4,120.0,triad,triad_12,0.23967204905476833,0.0,0.24007060900264782,9.333333333333334,214.82954545454547
5,150.0,triad,triad_12,0.37539176495428767,0.0044014084507042,0.5242077464788731,10.333333333333334,190.7460317460317
6,180.0,triad,triad_12,0.5519335909932931,0.0,0.4810126582278481,12.666666666666666,191.58831908831908
7,210.0,triad,triad_12,0.4104069286049069,0.0126251632564214,0.3204179364388331,9.666666666666666,205.05361305361305
8,240.0,triad,triad_12,0.2642381941331393,0.0030448020878642,0.5367551109177904,10.0,188.71130952380952
9,270.0,triad,triad_12,0.3141283542110511,0.0513392857142857,0.5017857142857142,9.666666666666666,203.5993265993266
10,300.0,triad,triad_12,0.6241960793766899,0.0133630289532293,0.6347438752783964,12.0,208.69920634920632
11,330.0,triad,triad_12,0.6796315627273575,0.0,0.3026785714285714,10.0,203.4537037037037
12,360.0,triad,triad_12,0.5470453316914535,0.0235827664399092,0.2993197278911563,10.0,195.59706959706963
13,390.0,triad,triad_12,0.663417476557679,0.0,0.0463251670378619,14.0,193.1976346093993
14,420.0,triad,triad_12,0.6721890913574986,0.0,0.1216394887615689,13.0,198.49054621848737
15,450.0,triad,triad_12,0.6455836554892265,0.0598958333333333,0.3567708333333332,11.0,211.40046296296296
0,0.0,triad,triad_13,0.04522507389109564,0.1092233009708737,0.670509708737864,10.666666666666666,150.7979797979798
1,30.0,triad,triad_13,0.2784572393692545,0.0115221346270466,0.5221346270466949,15.0,157.94484577456714
2,60.0,triad,triad_13,0.41653416717514724,0.0987202925045703,0.5118829981718462,12.333333333333334,166.01322751322752
3,90.0,triad,triad_13,0.646896611894006,0.0343373493975903,0.6813253012048193,8.666666666666666,141.27777777777777
4,120.0,triad,triad_13,0.6316584617014719,0.1147147147147147,0.5861861861861862,7.666666666666667,145.33333333333334
5,150.0,triad,triad_13,0.7153889159947305,0.0351728320194057,0.2352941176470588,12.0,176.87024087024088
6,180.0,triad,triad_13,0.6929794922006999,0.004776119402985,0.4823880597014924,13.666666666666666,157.96734892787524
7,210.0,triad,triad_13,0.595888036005956,0.0624620982413583,0.685870224378411,12.666666666666666,166.24444444444444
8,240.0,triad,triad_13,0.5738905631842222,0.0036231884057971,0.5652173913043478,13.333333333333334,168.64141414141412
9,270.0,triad,triad_13,0.5694812369310681,0.0458107293550331,0.3345388788426762,9.0,137.71241830065358
10,300.0,triad,triad_13,0.5883324139003755,0.1704957678355501,0.519347037484885,13.666666666666666,170.0993265993266
11,330.0,triad,triad_13,0.47346083264377686,0.1028880866425992,0.5354993983152827,11.333333333333334,151.66386946386945
12,360.0,triad,triad_13,0.6203175109903146,0.0073037127206329,0.6055995130858185,7.666666666666667,172.06507936507936
13,390.0,triad,triad_13,0.652391870376717,0.1102456560814859,0.5332534451767524,15.0,157.44166666666666
14,420.0,triad,triad_13,0.48969785712649455,0.1417177914110429,0.5840490797546011,13.333333333333334,154.25563909774436
15,450.0,triad,triad_13,0.5203662411155675,0.0992691839220462,0.5024360535931789,9.666666666666666,152.82777777777778
16,480.0,triad,triad_13,0.5466620473305537,0.1219951923076922,0.650841346153846,11.666666666666666,154.21196581196585
17,510.0,triad,triad_13,0.6175469383332742,0.1642424242424241,0.5636363636363636,11.666666666666666,162.7062937062937
18,540.0,triad,triad_13,0.7195213462023883,0.1783132530120481,0.4897590361445782,12.333333333333334,150.3803418803419
19,570.0,triad,triad_13,0.6196905904441874,0.1211009174311926,0.5804281345565748,9.333333333333334,170.48333333333332
20,600.0,triad,triad_13,0.42875574825109597,0.0459905660377358,0.5212264150943394,4.666666666666667,141.15277777777774
