seconds_interaction_window;dyad_01_1d_DG;dyad_02_1d_DG;dyad_03_1d_DG;dyad_04_1d_DG;dyad_05_1d_DG;dyad_06_1d_DG;dyad_07_1d_DG;dyad_08_1d_DG;dyad_09_1d_DG;dyad_10_1d_DG;dyad_11_1d_DG;triad_01_1d_DG;triad_03_1d_DG;triad_04_1d_DG;triad_05_1d_DG;triad_06_1d_DG;triad_07_1d_DG;triad_08_1d_DG;triad_09_1d_DG;triad_02_1d_DG;triad_11_1d_DG;triad_10_1d_DG;triad_14_1d_DG;triad_12_1d_DG;triad_13_1d_DG;dyad_01_MG_P1P2;dyad_02_MG_P1P2;dyad_03_MG_P1P2;dyad_04_MG_P1P2;dyad_05_MG_P1P2;dyad_06_MG_P1P2;dyad_07_MG_P1P2;dyad_08_MG_P1P2;dyad_09_MG_P1P2;dyad_10_MG_P1P2;dyad_11_MG_P1P2;triad_01_MG_P1P2;triad_02_MG_P1P2;triad_03_MG_P1P2;triad_04_MG_P1P2;triad_05_MG_P1P2;triad_06_MG_P1P2;triad_07_MG_P1P2;triad_08_MG_P1P2;triad_09_MG_P1P2;triad_10_MG_P1P2;triad_11_MG_P1P2;triad_14_MG_P1P2;triad_12_MG_P1P2;triad_13_MG_P1P2;task_eng_dyad_01;task_eng_dyad_02;task_eng_dyad_03;task_eng_dyad_04;task_eng_dyad_05;task_eng_dyad_06;task_eng_dyad_07;task_eng_dyad_08;task_eng_dyad_09;task_eng_dyad_10;task_eng_dyad_11;task_eng_triad_01;task_eng_triad_02;task_eng_triad_03;task_eng_triad_04;task_eng_triad_05;task_eng_triad_06;task_eng_triad_07;task_eng_triad_08;task_eng_triad_09;task_eng_triad_10;task_eng_triad_11;task_eng_triad_12;task_eng_triad_13;task_eng_triad_14
0;0.280973451;0;0;0.152298851;0.543147208;0.508571429;0.489971347;0.157894737;0.304347826;0.080645161;0;0.236979167;0.086419753;0.291044776;1.121875;0.915824916;0.547826087;0.833333333;0.051587302;0.708762887;1.455598456;0.247349823;0.225255973;0;0.876811594;0;0;1;0;0.251269036;0.091428571;0.401146132;0;0;0;0;0.763020833;0;0.027777778;0;0.08125;0.026936027;0.049275362;0.518115942;0;0;0;0;0;0.065217391;0.467972488;0.475787512;0.07548364;0.447683915;0.118087767;0.646238832;0.198246447;0.010179798;0.002236365;0.01298815;0.028915403;0.16077239;0.202735202;0.159036095;0.326213642;0.12843225;0.010963503;8.60E-05;0.0151385;0.01298815;0.017641789;0.165630831;0.01298815;0.01728885;0.037847887
5;0.109375;0.368782161;0.037037037;0.283667622;0.761670762;0.651428571;0.742209632;0;0.523809524;0.336065574;0;0.909313725;0.504178273;0.751693002;0.579439252;0.704318937;0.273775216;0.563176895;0.933333333;0.784415584;1.421875;0.548611111;0.306122449;0.054495913;0.56;0;0;0.962962963;0.071633238;0.238329238;0.285714286;0.138810198;0;0.023809524;0;0;0.024509804;0.038961039;0.019498607;0;0.080996885;0.016611296;0;0.003610108;0.145098039;0.055555556;0.3125;0;0;0;0.629090421;0.660420278;0.493283034;0.617534228;0.275704624;0.682042112;0.37394996;0.010179798;0.002236365;0.01298815;0.029532998;0.595179878;0.110174098;0.490316752;0.501361045;0.12843225;0.001578412;8.60E-05;0.0151385;0.01298815;0.017641789;0.161827059;0.01298815;0.01728885;0.036208908
10;0.146341463;0.281914894;0;0.528023599;0.221105528;0.527859238;0.633522727;0.184713376;0;0.318181818;0.05;0.91283293;0.186046512;0.943661972;0.553459119;1.089108911;0.298816568;0.694029851;0.884297521;0.356020942;1.643410853;0.436666667;0.62244898;0.750649351;0.592057762;0;0;1;0.053097345;0.778894472;0.302052786;0.190340909;0;0;0;0;0.210653753;0.018324607;0;0;0;0;0.032544379;0.104477612;0;0;0.065891473;0;0;0;0.726677245;0.702208102;0.684432782;0.645480963;0.277554018;0.736666643;0.513279685;0.01342991;0.002236365;0.01298815;0.029073763;0.695078791;0.035620647;0.649330974;0.641595568;0.130998346;0.001578412;8.60E-05;0.0151385;0.01298815;0.017641789;0.156474232;0.022674553;0.01728885;0.035699196
15;0.345652174;0.889087657;0;0.371014493;0.461538462;0.502808989;0.354107649;0.57704918;0;0.347107438;0;0.312039312;0.076923077;0.51048951;1.009174312;0.516447368;0.131805158;0.825454545;0.94047619;0.368159204;1.65;0.372483221;0.242320819;0.363157895;0.777777778;0.080434783;0;1;0.028985507;0.48974359;0.328651685;0.529745042;0;0;0.119834711;0;0.862407862;0;0;0;0.097859327;0;0;0;0;0.013422819;0.123076923;0;0;0.05734767;0.754355977;0.658822388;0.721245893;0.670032581;0.28364747;0.736700481;0.68695591;0.014052663;0.002236365;0.01298815;0.0276675;0.71243791;0.015883477;0.513640069;0.685784662;0.153780448;0.001578412;8.60E-05;0.0151385;0.01298815;0.100882519;0.291456149;0.184494317;0.01728885;0.035699196
20;0.01986755;0.665441176;0;0.307246377;0.557692308;0.498559078;0.352941176;0.281967213;0;0.306122449;0;0.947115385;0.008474576;0.929864253;0.76146789;0.924092409;0.311764706;0.661764706;0.615384615;0.381074169;1.654901961;0.21875;0;0.75;1.241635688;0;0;1;0;0.420673077;0.389048991;0.383753501;0;0;0;0;0.661057692;0;0;0;0.01529052;0;0;0.011029412;0.736842105;0;0;0;0.197916667;0.189591078;0.742977771;0.677277799;0.727140935;0.611994134;0.363390337;0.71907069;0.731851909;0.015776291;0.002236365;0.01298815;0.069366971;0.755180645;0.017470121;0.469651648;0.685784662;0.173419762;0.001578412;8.60E-05;0.0151385;0.01298815;0.332986196;0.422758734;0.249864362;0.01728885;0.035699196
25;0.12803532;0.146473779;0.094736842;0.396067416;0.58190709;0.512747875;0.36056338;0.268852459;0;0.297619048;0.01965602;0.763681592;0;0.738425926;0.507462687;0.413114754;0.29512894;0.371747212;0.82231405;0.382198953;1.276264591;0.46779661;0;0.673629243;0.680147059;0;0;0.905263158;0.547752809;0.278728606;0.467422096;0;0;0;0;0;0.544776119;0;0;0;0.098507463;0.062295082;0;0;0.090909091;0;0.007782101;0;0.005221932;0.349264706;0.670733547;0.682505663;0.730064778;0.363879406;0.344159328;0.692710599;0.68393537;0.015776291;0.002236365;0.01298815;0.542827046;0.758997746;0.017470121;0.462664025;0.685784662;0.365522159;0.001578412;8.60E-05;0.0151385;0.01298815;0.444714017;0.48832337;0.269299893;0.184906193;0.038506654
30;0.103896104;0.185661765;0.006779661;0.643243243;0.314070352;0.492877493;0.434285714;0.168874172;0.026923077;0.441176471;0.082725061;0.488549618;0.034482759;0.640091116;0.743034056;0.425675676;0.098507463;0.244444444;0.73877551;0.560301508;1.848249027;0.273648649;0;0;0.652173913;0;0;0.993220339;0.216216216;0.494974874;0.507122507;0.045714286;0;0;0;0;0.44783715;0.015075377;0;0;0.362229102;0;0;0;0.126530612;0;0;0;0;0.054347826;0.647560485;0.688912663;0.715688406;0.395259089;0.351805796;0.715733851;0.408564169;0.137508299;0.002236365;0.01298815;0.618299215;0.745960249;0.017470121;0.462664025;0.685784662;0.461708525;0.018796264;8.60E-05;0.0151385;0.01298815;0.4738904;0.512103831;0.279001862;0.244237334;0.183494684
35;0.056399132;0.014625229;0;0.601648352;0.191066998;0.553977273;0.662921348;0;0.066945607;0;0.004830918;1.357142857;0;0.215777262;1.088145897;1.061016949;0.146627566;0;0.609375;0.45974026;1.714285714;0.289036545;0.016949153;0.303664921;0.698529412;0;0;1;0.398351648;0.620347395;0.420454545;0.061797753;0;0;0;0;0.007389163;0;0;0;0.218844985;0.013559322;0;0;0.1796875;0.016611296;0;0;0;0;0.702746903;0.502437578;0.6303026;0.689439039;0.361539968;0.757849463;0.618121299;0.302064599;0.002236365;0.01298815;0.629826608;0.734656602;0.017470121;0.462664025;0.691031475;0.510894587;0.316222946;8.60E-05;0.0151385;0.01298815;0.510995378;0.574819759;0.298943468;0.285208729;0.232094924
40;0;0.052539405;0.009375;0.278089888;0.17884131;0.558479532;0.471910112;0.191693291;0;0.548387097;0;0.705159705;0;0.147727273;1.740625;1.221854305;0.689855072;0.514285714;0.858823529;0.14987715;1.576470588;0.619205298;0.87755102;0;0.70260223;0;0;0.990625;0.648876404;0.82115869;0.441520468;0.393258427;0;0;0;0;0.216216216;0.017199017;0;0;0.065625;0.01986755;0;0;0;0;0.101960784;0;0;0.007434944;0.758068749;0.193331238;0.614968016;0.537123559;0.368082053;0.752561278;0.127437331;0.330422005;0.002236365;0.01298815;0.742199579;0.416528525;0.017470121;0.462664025;0.636430945;0.543868062;0.366345325;0.003831012;0.015304046;0.01298815;0.542946976;0.533408736;0.382100688;0.285324343;0.111751577
45;0.023965142;0.007005254;0.225255973;0.743661972;0.32460733;0.5;0.593659942;0.174917492;0;0.665289256;0.023696682;0.814536341;0.232091691;0.223744292;0.951367781;1.145214521;0;0.176258993;0.741935484;0.192105263;1.51372549;0.072413793;0.784982935;0.75596817;0.992727273;0;0;0.774744027;0.030985915;0.67539267;0.166666667;0.095100865;0;0;0.012396694;0;0.037593985;0.002631579;0.051575931;0;0;0.01980198;0;0;0.463709677;0;0.039215686;0;0;0.007272727;0.771989746;0.248703368;0.709466645;0.191105661;0.538268993;0.78139345;0.682169279;0.352062239;0.002236365;0.013472377;0.758211537;0.48064772;0.017470121;0.462664025;0.056438115;0.53514951;0.394894077;0.00165119;0.016630898;0.01298815;0.586672859;0.450443196;0.53052508;0.285324343;0.098059396
50;0.028446389;0.300536673;0.417241379;0.186246418;0.881136951;0.426512968;0.522857143;0;0;0.163090129;0;0.645;0.045454545;0.043678161;0.31595092;0.63973064;0.16519174;0.416058394;0.291497976;0.037783375;1.470817121;0.404844291;0.42662116;0.471849866;0.173913043;0;0;0.362068966;0.277936963;0.002583979;0.518731988;0.331428571;0;0;0;0;0.045;0;0;0;0;0;0;0;0.668016194;0.020761246;0.112840467;0;0;0;0.765852561;0.248985314;0.736397667;0.668741081;0.810251407;0.776308294;0.721073427;0.35383374;0.002236365;0.022800788;0.758211537;0.299922867;0.017470121;0.462664025;0.055652797;0.347224807;0.451270239;0.001578412;0.016630898;0.01298815;0.594948298;0.448640381;0.538864734;0.285324343;0.081347191
55;0.169491525;0.086956522;0;0.306590258;0.419753086;0.531976744;0.425770308;0.16;0.680933852;0;0;0.488151659;0;0.25;1.41337386;0.629032258;0.077809798;0.704545455;0.382022472;0.6;1.053435115;0.345762712;0.153061224;0;0.270462633;0;0;1;0.636103152;0.535802469;0.441860465;0.030812325;0;0;0;0;0;0;0;0;0;0;0;0.026515152;0.475655431;0.088135593;0.015267176;0;0;0;0.760670017;0.244780802;0.714186551;0.783223495;0.82313842;0.725703011;0.716588308;0.361938265;0.002236365;0.023081948;0.758211537;0.02216409;0.013817456;0.463508104;0.158546518;0.32837499;0.451270239;0.001578412;0.152477877;0.01298815;0.594885654;0.448511989;0.538864734;0.285324343;0.055052396
60;0.204395604;0.009009009;0.304635762;0.420903955;0.600502513;0.78962536;0.318181818;0;0.242063492;0.093385214;0;0.912718204;0.119186047;0.322222222;1.274390244;0.676190476;0.243626062;0.643678161;0.702040816;0.390180879;1.062256809;0.474789916;0;0;0.578754579;0;0;0.695364238;0.209039548;0.24120603;0.21037464;0;0;0;0;0;0.034912718;0.090439276;0;0;0.006097561;0;0;0.01532567;0.016326531;0.084033613;0.007782101;0;0;0.161172161;0.769760302;0.248263802;0.683501528;0.81592264;0.82313842;0.73882832;0.137862025;0.363688608;0.002236365;0.023081948;0.758211537;0.02216409;0.012405644;0.465549685;0.484281166;0.379930895;0.452378022;0.001578412;0.00344391;0.01298815;0.48283705;0.450158694;0.538864734;0.285324343;0.243108101
65;0.189130435;0.141048825;0.016447368;0.401129944;0.254320988;0.665706052;0.642076503;0.11409396;0;0.262096774;0;0.809638554;0.143695015;0.629213483;1.26969697;0.37012987;0.52991453;0.759124088;0.570866142;0.217506631;1.747035573;0.645714286;0;0;0.878676471;0;0;0.983552632;0.564971751;0.558024691;0.331412104;0.333333333;0;0;0;0;0.197590361;0.098143236;0;0;0.015151515;0;0;0.065693431;0.44488189;0.057142857;0;0;0;0.169117647;0.760218281;0.205094075;0.683501528;0.813591553;0.742358106;0.775678397;0.721724001;0.369308593;0.002236365;0.023081948;0.758211537;0.02216409;0.175467176;0.633513865;0.507356308;0.343321143;0.458914459;0.001578412;0.00344391;0.01298815;0.628514847;0.450158694;0.538864734;0.285324343;0.327789803
70;0;0.038251366;0.234899329;0.270893372;0.544757033;0.421965318;0.628808864;0.301324503;0;0.228571429;0;0.384020619;0.055555556;0.209251101;0.116923077;0.259016393;0.322857143;0.334586466;0.53125;0.228287841;1.680933852;0.827956989;0.108843537;0;0.336956522;0;0;0.765100671;0.729106628;0.455242967;0.10982659;0.318559557;0;0;0;0;0;0;0;0;0.070769231;0;0;0;0.1640625;0;0;0;0;0;0.676109028;0.19949879;0.683501528;0.797990184;0.178032644;0.816027322;0.285501789;0.383580801;0.002236365;0.023081948;0.760508589;0.02216409;0.670967433;0.644353435;0.554628512;0.309078898;0.571656653;0.001578412;0.00344391;0.01298815;0.663412089;0.451786513;0.538743592;0.327899605;0.347466888
75;0;0.202821869;0;0.347701149;0.110294118;0.198830409;0.359331476;0.209302326;0.367588933;0.08;0;0.391625616;0.06122449;0.300668151;0.936170213;0.816993464;0.239316239;1.118959108;1.107569721;0.578553616;2;0.459183673;0.010204082;0;0.393382353;0;0;1;0.531609195;0.889705882;0.760233918;0.406685237;0;0;0;0;0.128078818;0.06234414;0;0;0;0.04248366;0;0.394052045;0.071713147;0.074829932;0;0;0;0;0.765975363;0.507445971;0.683501528;0.849512863;0.706741041;0.81691652;0.067160997;0.391786227;0.002236365;0.023081948;0.549154068;0.02578624;0.716626574;0.69758207;0.453506855;0.31108212;0.598432139;0.001578412;0.00344391;0.01298815;0.663412089;0.452024191;0.487300077;0.380666751;0.36136876
80;0;0;0.334448161;0.712250712;0.232911392;0.5;0.610497238;0;0.26984127;0.248979592;0;0.193548387;0.014005602;0;0.879518072;0.371710526;0.054913295;1.060150376;1.089430894;0.6125;1.365384615;0.135416667;0;0;0.406593407;0;0;0.665551839;0.259259259;0.693670886;0.412429379;0.342541436;0;0;0.110204082;0;0.004962779;0.01;0;0;0;0;0;0.180451128;0.012195122;0;0;0;0;0;0.783173515;0.531067159;0.683501528;0.855034157;0.710271427;0.815051386;0.658515003;0.391786227;0.002236365;0.023081948;0.393354516;0.026464796;0.705222068;0.695181532;0.524148379;0.310944396;0.603785782;0.001578412;0.00344391;0.013969347;0.663412089;0.452024191;0.476568664;0.596993386;0.36136876
85;0.121475054;0.306010929;0.907284768;0.282122905;0.16;0.728613569;0.283707865;0.295819936;0;0.637860082;0;0.116751269;0;0.038202247;0.650154799;0.428571429;0.139204545;0.996296296;0.476;0.245;0.953307393;0.126712329;0;0;0.716363636;0;0;0;0.589385475;0.835;0.271386431;0;0;0;0.065843621;0;0;0;0;0;0.139318885;0;0;0.025925926;0.58;0;0;0;0;0.261818182;0.783173515;0.498887567;0.700884709;0.833066399;0.561666461;0.810648008;0.74965683;0.391879271;0.002236365;0.164008635;0.429224698;0.026464796;0.689953569;0.688767281;0.525496029;0.310944396;0.652760644;0.013283435;0.117409194;0.071743558;0.66346506;0.452024191;0.52568096;0.622996575;0.36136876
90;0;0.639344262;0.198675497;0.627906977;0.62406015;0.619186047;0.582172702;0.109634551;0;0.05907173;0.00245098;0.486486486;0.031518625;0.247727273;0.918181818;0.53125;0.47826087;0.84057971;0.790513834;0.285353535;1.42745098;0.436065574;0.044217687;0;0.607272727;0;0;0.569536424;0.369186047;0.37593985;0.377906977;0;0;0;0;0;0;0;0;0;0.033333333;0.027777778;0;0.576086957;0.347826087;0;0.039215686;0;0;0;0.752468587;0.041157839;0.724752639;0.840963504;0.626109834;0.794581968;0.763718553;0.391786227;0.002236365;0.327710696;0.419091592;0.026418657;0.708784622;0.665055983;0.525496029;0.310944396;0.65276383;0.437718367;0.251792369;0.283401901;0.665594512;0.452122763;0.56425573;0.627904113;0.36133145
95;0;0;0.266025641;0.5;0.75990099;0.232954545;0.551136364;0.366336634;0;0;0;0.533333333;0.182608696;0.166287016;1.533950617;0.368243243;0.069767442;0.422382671;0.316205534;0.143576826;1.762452107;0.768965517;0.003436426;0.093994778;0.64;0;0;0.733974359;0.436464088;0.24009901;0.767045455;0.349431818;0;0;0;0;0;0.065491184;0;0;0;0;0;0.740072202;0.766798419;0.031034483;0;0;0;0.138181818;0.730639039;0.034191894;0.751895368;0.834442824;0.74299991;0.830052434;0.761600198;0.391786227;0.081254719;0.35196585;0.430175872;0.027624575;0.718665426;0.664881151;0.531395253;0.310944396;0.675009728;0.493682389;0.258412813;0.396992964;0.674665257;0.453889689;0.565679724;0.629447575;0.303965786
100;0;0.072566372;0;0.335195531;0.410579345;0.581120944;0.481586402;0;0.277108434;0.540650407;0;0.165841584;0.068376068;0.101382488;1.022082019;0.230263158;0.077142857;0.957142857;0.545454545;0.511688312;1.691119691;0.361842105;0.176870748;0.950520833;0.893772894;0;0;1;0.01396648;0.589420655;0.410029499;0.161473088;0;0;0;0;0;0.07012987;0;0;0;0;0;0.360714286;0.462450593;0;0.030888031;0;0;0.021978022;0.753569421;0.036083879;0.751895368;0.561650435;0.82570915;0.80833384;0.341696329;0.391786227;0.1119045;0.40873823;0.434821191;0.027780534;0.73083972;0.664881151;0.54508974;0.117127701;0.676414644;0.529664844;0.26480387;0.086486576;0.701006544;0.453262061;0.562656632;0.559108181;0.365641541
105;0;0.068904594;0.201342282;0.322946176;0.234096692;0.039772727;0.825714286;0.226229508;0.759036145;0.497835498;0;0.663414634;0.11898017;0.76201373;1.407854985;0.581168831;0.335260116;1.598540146;0.449392713;0.259067358;1.515873016;0.474916388;0.054237288;0.623342175;0.698924731;0;0;0.708053691;0.555240793;0.765903308;0.761363636;0.125714286;0;0.02811245;0;0;0.06097561;0;0;0.139588101;0;0.016233766;0;0.094890511;0.587044534;0;0.003968254;0;0;0.003584229;0.753768243;0.040641844;0.776549573;0.53614786;0.831830135;0.772856187;0.014723789;0.360824033;0.111319883;0.521901845;0.434821191;0.027780534;0.638269217;0.664881151;0.5493955;0.249994795;0.502260002;0.529665765;0.268804337;0.014921749;0.704291508;0.454439052;0.512678889;0.636845677;0.429002185
110;0.084782609;0.163934426;0;0.429378531;0.401015228;0.383285303;0.233618234;0.431372549;0.108527132;0.470588235;0;1.005076142;0.196480938;0.704035874;1.347432024;1.120521173;0.147398844;1.225092251;0.353658537;0.103092784;1.8046875;0.393548387;0.017064846;0.781578947;0.792114695;0;0;1;0.570621469;0.431472081;0.616714697;0;0;0;0;0;0.26142132;0;0;0.112107623;0;0;0.089595376;0;0.646341463;0;0;0;0;0;0.754065015;0.228122876;0.796579342;0.517946163;0.831830135;0.765203076;0.01616568;0.306785403;0.09508222;0.222399107;0.395970476;0.027780534;0.619054662;0.664881151;0.5493955;0.3050629;0.488580191;0.529665765;0.311877159;0.014921749;0.461905017;0.458190189;0.148965554;0.714037063;0.451730047
115;0.159388646;0.047794118;0.029315961;0.573407202;0.237745098;0.653631285;0.492957746;0.756578947;0;0.242798354;0;0.682926829;0.333333333;0.659242762;1.098765432;0.673202614;0.290960452;0.945054945;0.427419355;0.604477612;1.392996109;0.589403974;0;0.076315789;0.483870968;0;0;0.970684039;0.052631579;0.705882353;0.312849162;0.169014085;0;0;0;0;0.158536585;0;0;0.207126949;0.074074074;0.006535948;0.183615819;0;0;0.013245033;0;0;0;0.043010753;0.723427335;0.698715153;0.796579342;0.477613672;0.841682741;0.770487501;0.014985097;0.353441689;0.006927305;0.017641789;0.192376101;0.106362227;0.707150981;0.664881151;0.443125347;0.3050629;0.488580191;0.526289694;0.380550781;0.102177118;0.242885538;0.458190189;0.021707912;0.714037063;0.42795667
120;0.023861171;0.135802469;0.7;0.173789174;0.409313725;0.260997067;0.536231884;0.270358306;0;0.171548117;0;0.683544304;0.223529412;0.577922078;1.153846154;0.132450331;1;0.5;0.601626016;0.007425743;0.996062992;0.623333333;0;1.105820106;0.327338129;0;0;0.163333333;0.373219373;0.590686275;0.739002933;0.008695652;0;0;0;0;0.002531646;0;0;0.010822511;0;0;0;0;0.008130081;0;0.338582677;0;0;0.04676259;0.716405683;0.715799595;0.793139881;0.47508889;0.614684496;0.768507957;0.015526511;0.373700755;0.00653705;0.017641789;0.123884949;0.347281244;0.728999289;0.58970545;0.39452289;0.3050629;0.488580191;0.509310533;0.437511243;0.419418554;0.47483747;0.458190189;0.268742983;0.714182022;0.42795667
125;0.150110375;0.220400729;0.294314381;0.567335244;0.462121212;0.519061584;0.765217391;0.283828383;0.003831418;0;0;0.293532338;0.187861272;0.555555556;1.021806854;0.834415584;0.505747126;0.137681159;0.309803922;0.010025063;1.204633205;0.775974026;0;0.295811518;0.591397849;0;0;0.705685619;0.277936963;0.487373737;0.480938416;0.173913043;0;0;0;0;0.097014925;0;0;0;0.283489097;0.217532468;0.060344828;0;0;0;0;0;0;0.100358423;0.734796275;0.715799595;0.510932128;0.542613444;0.136583302;0.711274112;0.013379654;0.405170162;0.00653705;0.017641789;0.293336743;0.613256149;0.728999289;0.420684132;0.469784717;0.329333313;0.564173263;0.467785235;0.454710015;0.389134373;0.433052119;0.459509395;0.255699605;0.726679918;0.449746883
130;0.019313305;0.156193896;0.061016949;0.418994413;0.821989529;0.608571429;0.514124294;0.013333333;0.162264151;0;0;0.371359223;0.871060172;0.387665198;1.061538462;1.13;0;0.734042553;0.2875;0.494949495;1.40625;0.291525424;0;0.138020833;0.784946237;0;0;0.938983051;0.072625698;0.178010471;0.391428571;0.274011299;0;0;0;0;0;0.053030303;0;0.008810573;0.012307692;0;0;0.127659574;0.179166667;0.074576271;0.03125;0;0;0.075268817;0.738309751;0.713649608;0.656749038;0.697101428;0.10171789;0.717656405;0.019769467;0.416892203;0.00653705;0.027883235;0.422203694;0.681085154;0.728999289;0.398292249;0.564745753;0.3738744;0.720484878;0.416676075;0.458519817;0.357922267;0.446528262;0.456324691;0.212909161;0.726939563;0.46236217
135;0;0;0.090604027;0.648351648;0.626829268;0.545189504;0.258522727;0.118421053;0;0.643724696;0;0.845605701;0.566473988;0.534065934;0.929230769;1.694630872;0.011204482;0.512280702;0.821138211;0.217391304;1.33463035;0.486842105;0;0;0.878676471;0;0;0.909395973;0.118131868;0.373170732;0.390670554;0.298295455;0;0;0;0;0.304038005;0;0;0.054945055;0.178461538;0.305369128;0;0.280701754;0.048780488;0;0;0;0;0;0.717240023;0.536803866;0.713721856;0.755860244;0.345270904;0.726382945;0.088386146;0.416892203;0.00653705;0.318813837;0.417735712;0.709755075;0.7391602;0.377801724;0.577294108;0.3738744;0.720488563;0.432637826;0.458871862;0.293702583;0.593155561;0.45494929;0.167634886;0.689973585;0.514500081
140;0;0.210434783;0.108196721;0.36565097;0.02200489;0.648255814;0.427374302;0.046511628;0.295275591;0.307086614;0;0.965174129;0.281345566;0.167400881;1.507598784;1.424749164;0.060518732;0.946619217;0.733067729;0.17884131;1.259689922;0.74916388;0.013605442;0;0.586330935;0;0;0.881967213;0.376731302;0.97799511;0.351744186;0.56424581;0;0;0;0;0.032338308;0;0;0.044052863;0.088145897;0;0;0;0;0;0.019379845;0;0;0.40647482;0.699619023;0.117400074;0.710242383;0.770227242;0.485916954;0.749218205;0.416058439;0.416330251;0.049955043;0.501453693;0.418348196;0.713854329;0.782364073;0.572763828;0.597120327;0.332794663;0.720488563;0.217501635;0.434695618;0.365598281;0.645843764;0.454459194;0.229792329;0.553673008;0.630467612
145;0.053648069;0;0.325806452;0.301939058;0.361323155;0.363636364;0.306406685;0.060402685;0;0.510204082;0;0.229426434;0.122507123;0.364238411;1.325227964;0.337662338;0;0;1.074380165;0.137755102;1.488095238;0.662116041;0;0;0.433691756;0;0;0.216129032;0.069252078;0.638676845;0.57771261;0.532033426;0;0;0.330612245;0;0;0;0;0.041942605;0;0;0;0;0.08677686;0;0.027777778;0;0;0.05734767;0.710042588;0.037393698;0.568130196;0.754809102;0.53675376;0.760005126;0.551837146;0.366557392;0.1140545;0.722196371;0.658098042;0.712823548;0.788958334;0.505669544;0.673553355;0.2706574;0.699359154;0.005594261;0.383498958;0.43549024;0.230642065;0.454459194;0.303253331;0.378502674;0.66393839
150;0.047930283;0;0.013245033;0.411924119;0;0.440233236;0.526170799;0.38;0;0.757201646;0;0.892156863;0.87534626;0.192825112;1.160606061;0.530612245;0.020408163;0.029411765;0.626609442;0.092307692;1.388235294;0.102310231;0;0;0.569343066;0;0;0.986754967;0.577235772;1;0.352769679;0.426997245;0;0;0.020576132;0;0.147058824;0;0.152354571;0;0.096969697;0.023809524;0;0;0.253218884;0;0.023529412;0;0;0.171532847;0.716056971;0.047207638;0.234739855;0.651127082;0.553677699;0.748118458;0.254045446;0.287618943;0.1140545;0.726369558;0.704397108;0.723119545;0.788458278;0.311955313;0.673553355;0.2706574;0.343535839;0.146293656;0.406659227;0.573983254;0.065907428;0.454459194;0.303832787;0.657413222;0.671600067
155;0.019607843;0;0.473015873;0.404494382;0.291566265;0.346368715;0.507082153;0.141914191;0;0.506224066;0;0.784263959;0.652298851;0.057268722;1.094801223;0.584717608;0;0.406593407;0.971659919;0.226700252;1.767716535;0.54313099;0.210169492;0.460106383;0.176895307;0;0;0.39047619;0.115168539;0.708433735;0.078212291;0.186968839;0;0;0;0;0;0;0.094827586;0;0;0;0;0;0.48582996;0;0;0;0.026595745;0.039711191;0.71049871;0.106160738;0.397329933;0.733509696;0.567701823;0.723946582;0.397750447;0.237232072;0.021212002;0.642282727;0.704397108;0.693461624;0.789178284;0.268034939;0.673553355;0.2706574;0.348292067;0.352689281;0.465997712;0.590049584;0.059053968;0.489325826;0.306630551;0.715020089;0.670425956
160;0.273730684;0;0.13836478;0.789772727;0.095238095;0.564841499;0.636887608;0;0;0;0;0.367647059;0.081632653;0.38021978;1.003134796;0.236486486;0.167630058;0.25;1.354581673;0.067708333;1.152671756;0.944636678;0;0.596205962;0.335740072;0;0;0.86163522;0;0.904761905;0.389048991;0.095100865;0;0;0;0;0;0;0;0;0.269592476;0.016891892;0.023121387;0;0.075697211;0.041522491;0;0;0;0;0.672378943;0.243013916;0.509237967;0.789638154;0.522876412;0.754412395;0.723151569;0.161944769;0.0086874;0.402563206;0.704397108;0.573289075;0.790650253;0.35045058;0.673553355;0.273800649;0.457047809;0.523666177;0.334237636;0.611434086;0.032692715;0.549005489;0.296899005;0.715020089;0.577773153
165;0.028138528;0;0.088135593;0.397142857;0.237037037;0.138554217;0.488636364;0;0;0.043859649;0;0.30749354;0.023054755;0.542792793;1.571428571;0.815436242;0.244186047;0;0.532;0.14713217;1;0.665505226;0.122033898;0.78042328;0.261818182;0;0;0.911864407;0.517142857;0.651851852;0.825301205;0.264204545;0;0;0;0;0;0;0;0.004504505;0;0.130872483;0;0;0.324;0.020905923;0;0;0;0;0.740248347;0.562054204;0.356841929;0.83356224;0.710782263;0.794226999;0.761744648;0.261516174;0.00908611;0.333966918;0.704397108;0.031525426;0.772037502;0.66513338;0.673553355;0.339097672;0.50573413;0.529359782;0.123087961;0.668210484;0.024947446;0.406994134;0.410689684;0.730067976;0.436374492
170;0;0;0.794701987;0.598360656;0.065822785;0.119760479;0.666666667;0;0;0.390438247;0;0.730769231;0.048929664;0.299559471;0.821538462;1.541254125;0.101744186;0;0.714285714;0.2475;1.266932271;0.948275862;0;0.767810026;0.231046931;0;0;0.11589404;0.076502732;0.934177215;0.880239521;0;0;0;0;0;0;0;0;0.04845815;0;0.02970297;0;0;0;0.017241379;0;0;0;0;0.744487946;0.543590256;0.554232894;0.766490829;0.76347591;0.830289302;0.694733266;0.377663195;0.010179798;0.205059658;0.704397108;0.023656572;0.645119965;0.751180225;0.673553355;0.365818968;0.506839149;0.533424724;0.385543993;0.700467056;0.024947446;0.368368935;0.467149282;0.73740606;0.45453473
175;0;0;0.625806452;0.356948229;0.546599496;0.535294118;0.522988506;0.142372881;0;1;0;0.467933492;0;0.530201342;0.723404255;1.050167224;0;0.064393939;0.313207547;0.79389313;1.035573123;0.89;0;0.622641509;0;0;0;0.238709677;0;0.453400504;0.261764706;0.477011494;0;0;0;0;0.016627078;0;0;0;0;0.127090301;0;0;0;0.026666667;0;0;0;0;0.733073191;0.555779096;0.63375698;0.567683543;0.669907495;0.831065705;0.362216931;0.347855464;0.010358057;0.527575938;0.704397108;0.023656572;0.655826465;0.749251437;0.673553355;0.320989908;0.508687144;0.441509008;0.22443135;0.701548584;0.093134089;0.367534758;0.467149282;0.73740606;0.490160686
180;0.056034483;0;0.254901961;0.603988604;0.012254902;0.859649123;0.332378223;0.003355705;0;0.967346939;0;0.880778589;0.056022409;0.381165919;0.764890282;1.154882155;0.080924855;0.098901099;1.328;0.056410256;0.891050584;0.322368421;0;0.286842105;0.469090909;0;0;0.735294118;0.028490028;0.987745098;0.108187135;0.633237822;0;0;0.032653061;0;0.116788321;0;0;0.031390135;0.178683386;0;0;0;0;0;0.120622568;0;0;0.025454545;0.582991597;0.653158944;0.653892147;0.62081607;0.806296839;0.830368259;0.224801047;0.265031421;0.048623886;0.594077622;0.704397108;0.023656572;0.698976578;0.730681802;0.669682835;0.402489584;0.508687144;0.385050224;0.007459758;0.679874852;0.452999328;0.367534758;0.467149282;0.73740606;0.490160686
185;0.050108932;0;0.065359477;0.651685393;0.1875;0.355491329;0.242253521;0;0;0.390756303;0;0.832923833;0.06122449;0.174887892;0.458461538;1.255813953;0;0;1.066945607;0.385604113;0.702702703;0.363333333;0.214285714;0.233766234;0.114695341;0;0;0.934640523;0.196629213;0.8125;0.644508671;0.543661972;0;0;0.592436975;0;0.164619165;0;0;0;0;0;0;0;0.171548117;0.003333333;0.05019305;0;0;0;0.283132303;0.653158944;0.744553774;0.548092281;0.84052135;0.830219746;0.225178909;0.302358416;0.09323337;0.626570043;0.704397108;0.041482768;0.717051796;0.716455683;0.432376582;0.409290367;0.508687144;0.385050224;0.006652758;0.254036001;0.462619208;0.367534758;0.490382788;0.737414025;0.486962216
190;0;0.18115942;0.160130719;0.262872629;0.342639594;0.53125;0.831908832;0;0;0.474789916;0;0.581683168;0.078787879;0.35857461;0.725308642;0.339805825;0.037681159;0;0.766393443;0.226463104;0.826254826;0.932659933;0.010204082;0.483028721;0.376344086;0;0;0.839869281;0;0.57106599;0.366477273;0;0;0;0;0;0;0;0;0;0.101851852;0;0;0;0.229508197;0.067340067;0;0;0;0;0.115025094;0.653158944;0.724962465;0.488258522;0.628448209;0.830219746;0.48065185;0.33825013;0.012266973;0.617387307;0.704397108;0.441938109;0.719394163;0.617582022;0.549625429;0.450267372;0.602655813;0.352166798;0.005594261;0.467075842;0.454211571;0.366442636;0.553183139;0.733086403;0.476707403
195;0;0.571936057;0.482084691;0.625698324;0.00982801;0.256338028;0.59039548;0.495016611;0;0.809338521;0.081081081;0.341346154;0;0.344748858;1.25304878;0.099656357;0.686956522;0;0.409638554;0.128787879;1.187022901;0.568027211;0.016949153;0.595360825;0.868327402;0;0;0.133550489;0.055865922;0.99017199;0.692957746;0.016949153;0;0;0;0;0.002403846;0;0;0;0;0;0;0;0.815261044;0.010204082;0;0;0;0;0.40364518;0.56036571;0.672425864;0.625287005;0.059087531;0.834417584;0.761469811;0.345148786;0.011760443;0.577982156;0.704397108;0.684276474;0.720435633;0.463555386;0.614909531;0.659800562;0.730525955;0.274985865;0.005594261;0.668113165;0.44911615;0.363803763;0.592422125;0.651486344;0.503913391
200;0.036796537;0;0.933333333;0.389355742;0.1937046;0.625368732;0.903954802;0.799319728;0;0.360169492;0.161616162;0.509615385;0;0.091954023;0.598101266;0.140468227;0.166666667;0.121212121;0.620967742;0.18877551;1.482889734;0.003355705;0;0.795081967;0.862190813;0;0;0.06;0.610644258;0.728813559;0.088495575;0.087570621;0;0;0.402542373;0;0.096153846;0;0;0;0;0;0;0;0.423387097;0;0;0;0;0.003533569;0.695920414;0.461983838;0.69682068;0.710817248;0.232182659;0.852092493;0.718029232;0.348259331;0.011760443;0.198829783;0.704397108;0.697434886;0.748929421;0.574700668;0.650140892;0.670824761;0.741536751;0.273494961;0.005594261;0.71919257;0.42981581;0.363803763;0.599047175;0.64924206;0.501372585
205;0;0;0.766990291;0.629120879;0.198511166;0.58908046;0.17816092;0;0.012244898;0.233333333;0;0.825123153;0;0.05787037;0.485981308;0.458064516;0.264367816;0.341818182;0.817073171;0;0.875;0.193771626;0;0.503856041;0.356115108;0;0;0.122977346;0.115384615;0.801488834;0.149425287;0.646551724;0;0;0.766666667;0;0;0;0;0;0;0;0;0;0.223577236;0;0;0;0;0;0.660313358;0.5971516;0.750860932;0.628213673;0.323866229;0.356675019;0.099129836;0.339383247;0.011760443;0.504202196;0.704397108;0.707251109;0.755965922;0.500809157;0.654484169;0.636354971;0.741422058;0.076324756;0.005594261;0.71919257;0.420786341;0.355799166;0.609417038;0.64924206;0.500912186
210;0;0.005347594;0.563934426;0.069832402;0.065822785;0.474926254;0.292134831;0.059210526;0;0.275720165;0;1.414814815;0;0;0.800632911;0.877483444;0.320699708;0.32962963;0.70703125;0.098734177;0.785992218;0.036912752;0;0.861979167;0.516483516;0;0;0.229508197;0.930167598;0.934177215;0.123893805;0.266853933;0;0;0.004115226;0;0;0;0;0;0;0;0;0;0.41015625;0;0.062256809;0;0.075520833;0;0.668445689;0.15628878;0.76035501;0.721723865;0.395735122;0.011087692;0.135814708;0.357555036;0.028565046;0.408745618;0.704397108;0.730946667;0.755965922;0.480216559;0.657107046;0.629961151;0.741422058;0.033576725;0.005594261;0.718211361;0.442756417;0.348879782;0.497137914;0.64924206;0.500912186
215;0.055201699;0.374558304;0.503378378;0.407932011;0.146401985;0.579104478;0.747800587;0.352159468;0.174089069;0.959839357;0;0.5025;0.13091922;0.288056206;0.821538462;0.718543046;0;0.333333333;0.444;0.24120603;1.428571429;0.714285714;0;0.275132275;0.443223443;0;0;0.368243243;0.413597734;0.853598015;0;0.187683284;0;0;0;0;0.175;0.052763819;0;0;0.046153846;0;0;0;0.284;0.046511628;0.091269841;0;0;0;0.722439684;0.088140781;0.764191145;0.774732321;0.419659519;0.012599139;0.712328653;0.35820727;0.104321548;0.2903967;0.704397108;0.740073517;0.786721242;0.480216559;0.68244897;0.629961151;0.741422058;0.033576725;0.005594261;0.660269721;0.417529254;0.34704146;0.423079709;0.647594895;0.500912186
220;0;0.418518519;0.404040404;0.408333333;0.034912718;0.625360231;0.474719101;0.490131579;0.792828685;0.083333333;0;1.275689223;0.177842566;0.137387387;1.144200627;0.396166134;0;0.487084871;1.28968254;0.206185567;1.61627907;0.635714286;0;0.653225806;0.853479853;0;0;0.595959596;0;0.965087282;0;0.02247191;0;0.131474104;0;0;0.348370927;0;0;0;0.02507837;0.006389776;0;0.022140221;0.19047619;0.067857143;0;0;0;0.091575092;0.751982377;0.091535521;0.751762718;0.681118468;0.475345236;0.013360502;0.748870794;0.308857503;0.061558876;0.080102684;0.702226682;0.740017963;0.758611475;0.480216559;0.70509248;0.60599459;0.741422058;0.009337693;0.005594261;0.670772849;0.395075736;0.337686796;0.415526517;0.555696797;0.494435785
225;0.07860262;0.586452763;0.581699346;0.362880886;0.228643216;0.817109145;0.567723343;0.274247492;0;0.491452991;0;0.878345499;0.06744868;0.080786026;0.625396825;0.38410596;0.072886297;0.234265734;0.537593985;0.215346535;0.957692308;0.643097643;0;0.091397849;1.379562044;0;0;0.405228758;0;0.768844221;0.029498525;0;0;0;0.170940171;0;0.525547445;0;0;0;0.117460317;0;0;0;0.22556391;0.003367003;0;0;0;0.080291971;0.751982377;0.364883447;0.751762718;0.578372014;0.520448216;0.013360502;0.68082371;0.367993873;0.006629617;0.008989415;0.699432581;0.739614471;0.732299332;0.532754389;0.677395773;0.533377541;0.741422058;0.063902807;0.005594261;0.708378896;0.396283473;0.337686796;0.377502562;0.548505189;0.483709686
230;0;0.387387387;0;0.254237288;0.005063291;0.096209913;0.632311978;0.51986755;0.45112782;0.105263158;0;1.197590361;0.198224852;0.104072398;0.452887538;0.462295082;0.282485876;0.805970149;0.81512605;0.648379052;1;0.874587459;0.105802048;0;1.32967033;0;0;1;0;0.994936709;0;0.278551532;0;0;0;0;0.238554217;0.047381546;0;0;0.09118541;0.085245902;0;0.052238806;0;0;0.444444444;0;0;0.065934066;0.746058634;0.641609558;0.751762718;0.52361777;0.616996074;0.196672519;0.684544051;0.413900584;0.00344391;0.482853082;0.662501256;0.723292016;0.743088264;0.673661126;0.679354639;0.541459982;0.741422058;0.070912472;0.005594261;0.74002551;0.289611095;0.337686796;0.38549171;0.556988847;0.483709686
235;0;0.007155635;0.361204013;0.786516854;0.268170426;0.444759207;0.532212885;0.248344371;0.304347826;0;0;1.225490196;0;0.021929825;0.685185185;0.522580645;0;0.757246377;0.741176471;0.329896907;;0.274247492;0;0.228571429;1.113074205;0;0;0.638795987;0.016853933;0.731829574;0.152974504;0.389355742;0;0;0;0;0.095588235;0;0;0;0;0;0;0;0.062745098;0;;0;0;0.134275618;0.357442944;0.447289041;0.759295159;0.443115104;0.533243102;0.647811964;0.687973006;0.388714331;0.00344391;0.422809671;0.689473127;0.718115742;0.747964911;0.646744582;0.682636961;0.439965396;0.741422058;0.240727144;0.005594261;0.74002551;0.127244683;;0.363703159;0.617300428;0.483709686
240;0;0.029250457;0.232026144;0.627840909;0.691326531;0.679758308;0.547008547;0.440514469;0.011406844;0.690376569;0;1.031168831;0.098265896;0;0.218844985;0.06984127;0.185915493;0.816546763;0.586614173;0.123786408;;0.113475177;0;0.191489362;0.551094891;0;0;0.578431373;0.340909091;0.262755102;0.205438066;0.384615385;0;0;0;0;0.251948052;0.060679612;0;0;0.003039514;0;0;0;0.413385827;0;;0;0;0.010948905;0.26098542;0.036326313;0.753839864;0.323715734;0.344498609;0.677206392;0.70595622;0.165379339;0.00344391;0.405699217;0.689473127;0.7318682;0.747964911;0.320175776;0.686853763;0.439965396;0.741422058;0.453236291;0.005594261;0.74050093;0.0362689;;0.30714081;0.614532563;0.483709686
245;0.048780488;0;0.010273973;0.261235955;0.28992629;0.380530973;0.471428571;0.847402597;0;0.812765957;0;0.931603774;0.009009009;0.089485459;0.585585586;0.763754045;0.125;0.626865672;0.860759494;0.248743719;;0.04137931;0;0.67;0.150537634;0;0;0.989726027;0.738764045;0.678132678;0.126843658;0.32;0;0;0.008510638;0;0.162735849;0;0;0;0;0;0;0.126865672;0.151898734;0;;0;0;0;0.232111439;0.036165501;0.672855582;0.567978515;0.237379256;0.733934541;0.764229655;0.024126896;0.008121012;0.405699217;0.689473127;0.739487783;0.747964911;0.023285761;0.702284809;0.440338857;0.739168721;0.492074677;0.005594261;0.569009701;0.0362689;;0.305284525;0.615735694;0.483709686
250;0.017391304;0;0.231034483;0.43956044;0.62962963;0.463343109;0.702549575;0.026143791;0;0;0.058080808;1.44;0.132022472;0.433920705;0.548484848;0.343137255;0.416184971;0.554770318;0.506072874;0.180451128;;0.090604027;0.013605442;0.833333333;0.492753623;0;0;0.768965517;0.123626374;0.066666667;0.398826979;0.161473088;0;0;0;0;0.0725;0.002506266;0;0;0;0.326797386;0;0.017667845;0;0;;0;0;0;0.146107903;0.041554778;0.291437726;0.764103148;0.173970036;0.796180225;0.758166947;0.038122734;0.094786676;0.405699217;0.668478679;0.739487783;0.747964911;0.152775808;0.709624185;0.440250398;0.737691063;0.538872244;0.005594261;0.435044179;0.085597694;;0.305275312;0.615735694;0.483709686
255;0.506550218;0;0.546357616;0.514824798;0.511111111;0.642011834;0.837142857;0.04950495;0;0;0;0.724637681;0.294797688;0.129385965;0.782208589;0.714285714;0.067846608;0;0.751037344;0.167088608;;0;0;0.571428571;0.654676259;0.017467249;0;0.453642384;0.005390836;0.488888889;0.325443787;0;0;0;0;0;0.328502415;0;0;0;0;0;0;0;0.033195021;0;;0;0;0;0.678393608;0.055243017;0.258097399;0.727207213;0.526677516;0.836141461;0.76183277;0.252285235;0.272453491;0.540998328;0.465406584;0.718862866;0.754206211;0.206890882;0.555879359;0.440250398;0.737743573;0.540830786;0.005594261;0.429822167;0.281057571;;0.305275312;0.572952131;0.483410209
260;1;0;0.588235294;0.654494382;0.702439024;0.102857143;0.794871795;0;0;0.107142857;0;1.130541872;0.087570621;0.372505543;0.240121581;0.419141914;0.327536232;0.368794326;0.370229008;0.208651399;;0.53442623;0.010238908;0.495956873;0.797101449;0;0;0.411764706;0;0.065853659;0.897142857;0;0;0;0;0;0.093596059;0;0;0;0;0.108910891;0;0.04964539;0.290076336;0;;0;0;0;0.736666579;0.042615451;0.615445437;0.465788298;0.613964628;0.843766374;0.818728232;0.416007977;0.263699828;0.654871225;0.394210055;0.68840939;0.798654791;0.24474662;0.667123056;0.441789318;0.686465243;0.54185984;0.005594261;0.549399286;0.332027191;;0.301114101;0.471720618;0.440316028
265;0.647186147;0.512455516;0.195945946;0.294617564;0.128953771;0.263157895;0.648351648;0;0.12749004;0.20083682;0.135678392;0.944444444;0.023121387;0.195505618;0.679878049;0.546666667;0.070175439;0.854092527;0.775;0.726600985;;0.666666667;0;0.620689655;0.783882784;0;0;0.800675676;0.705382436;0;0.634502924;0.032967033;0;0.019920319;0;0;0.285353535;0;0;0;0;0.363333333;0;0.323843416;0.366666667;0.02020202;;0;0.018567639;0.010989011;0.768617072;0.042615451;0.772615786;0.534271434;0.366364894;0.846292972;0.833640446;0.454939722;0.235681896;0.310210077;0.398237227;0.725375767;0.799805296;0.245562501;0.758995242;0.463068391;0.616983499;0.599479788;0.005594261;0.562193012;0.43842318;;0.061339104;0.55266668;0.408984959
270;0.35193133;0;0.148648649;0.142458101;0.19804401;0.31884058;0.524861878;0.336633663;0.558139535;0.896825397;0;1.442307692;0.012345679;0.508733624;0.49378882;0.665540541;0.088068182;0.604395604;1.290322581;0.513157895;;0.685245902;0;0.654639175;0.842657343;0;0;0.851351351;0.857541899;0;0.501449275;0;0;0;0.027777778;0;0.206730769;0;0;0.006550218;0;0.070945946;0;0;0.149193548;0;;0;0;0.213286713;0.769358271;0.042615451;0.743444;0.694266029;0.017620581;0.846292972;0.817144731;0.453050272;0.105376972;0.502409325;0.398237227;0.737514177;0.803820782;0.245923444;0.767214465;0.472417977;0.687717193;0.700755521;0.005594261;0.560015624;0.47264522;;0.034487581;0.603763727;0.515980242
275;0;0;0.605960265;0.426997245;0.230576441;0.907514451;0.436260623;0.364548495;0;0.871900826;0;1.374100719;0.207715134;0.278508772;0.435582822;0.352750809;0;0.18490566;0.956;0.061538462;;0.62369338;0;0.721784777;0.564748201;0;0;0.374172185;0.573002755;0;0.075144509;0.039660057;0;0;0;0;0.242206235;0;0;0.149122807;0.239263804;0.103559871;0;0;0.044;0.069686411;;0;0.215223097;0.053956835;0.769358271;0.042615451;0.743336596;0.754538765;0.019180159;0.846264773;0.79639053;0.522638401;0.014195696;0.589806139;0.409146473;0.737514177;0.763235416;0.248356046;0.776358034;0.562636666;0.692349615;0.739404961;0.005594261;0.568098065;0.492149573;;0.072310974;0.607293462;0.517167387
280;0.415754923;0;0.427152318;0.477653631;0.046683047;0.846590909;0.52259887;0;0;0.91902834;0.104557641;1.232273839;0.009090909;0.109619687;0.542168675;0.396039604;0;0.192592593;0.627615063;0.284182306;;1.35915493;0.06779661;0.910569106;0.103571429;0;0;0.572847682;0.516759777;0;0.076704545;0.002824859;0;0;0;0;0.117359413;0;0;0;0.012048193;0.148514851;0;0;0.142259414;0.028169014;;0;0.070460705;0;0.79401373;0.245756194;0.663324924;0.78682208;0.019022246;0.79564821;0.593985602;0.53195207;0.014195696;0.603643075;0.489559093;0.737805032;0.710821659;0.255443305;0.777044201;0.594677624;0.692349615;0.746292563;0.005594261;0.574249178;0.498762186;;0.190368528;0.577365352;0.575891282
285;0.498905908;0.278688525;0.152597403;0.279329609;0.323809524;0.460641399;0.495821727;0;0.263157895;0;0;0.70471464;0.083094556;0.216814159;0.504559271;0.258278146;0;0.492481203;0.618257261;0.441919192;;0.602112676;0;0.374655647;0.10701107;0;0;0.724025974;0.681564246;0.1;0.539358601;0.337047354;0;0;0;0;0.009925558;0;0;0.006637168;0;0.221854305;0;0;0.190871369;0.024647887;;0;0;0;0.817382691;0.609397513;0.671114565;0.815171116;0.020591971;0.779360674;0.285985088;0.553347255;0.014195696;0.527020575;0.505871139;0.707914468;0.713900951;0.299483945;0.748665087;0.596354729;0.692349615;0.64855753;0.005594261;0.607841488;0.498762186;;0.476234849;0.544837256;0.582966617
290;0.176344086;0.003577818;0.64527027;0.362857143;0.129441624;0.401146132;0.784916201;0;0.61752988;0;0;0.615571776;0.002873563;0.085011186;0.167173252;0.45276873;0.037142857;0.04887218;1.108786611;0.459530026;;0.843866171;0.184300341;0.195121951;0.214285714;0;0;0.209459459;0.357142857;0.817258883;0.52722063;0.033519553;0;0.38247012;0;0;0.02919708;0;0;0;0;0;0;0;0.121338912;0.003717472;;0;0;0;0.8095599;0.66038157;0.541944595;0.833470797;0.302676453;0.781860954;0.745339592;0.563981513;0.019010522;0.489674575;0.633124311;0.695587469;0.775240518;0.249241484;0.733054319;0.596354729;0.692349615;0.191413324;0.005594261;0.710137854;0.521987468;;0.532188499;0.541813812;0.582149661
295;0;0;0.762820513;0;0.655860349;0.10787172;0.539548023;0;0.764227642;0;0;0.961734694;0.043859649;0.271300448;0.107255521;0.303225806;0;0;0.430894309;1.030690537;;0.699646643;0;0.218918919;0.208633094;0;0;0.115384615;0;0.344139651;0.798833819;0.115819209;0;0.158536585;0;0;0.117346939;0.015345269;0;0;0;0.119354839;0;0;0.012195122;0.120141343;;0;0.018918919;0;0.486798493;0.662947038;0.518092691;0.174475595;0.761952159;0.801479689;0.742848711;0.563981513;0.127573411;0.489674575;0.698957098;0.695419347;0.790262875;0.243148412;0.733054319;0.596354729;0.692349615;0.03979268;0.005594261;0.710904037;0.595527686;;0.579179694;0.541813812;0.578380615
300;0;0.253781513;0.466237942;0.431754875;0.275689223;0.865546218;0.963276836;0.382059801;1;0.073275862;0;1.127764128;0.071428571;0.326388889;0.941896024;0.592715232;0;0;1.053719008;0.524804178;;0.903114187;0;0.78342246;0.587591241;0;0;0.533762058;0.005571031;0.714285714;0.030812325;0;0;0;0;0;0.058968059;0.005221932;0;0;0.20795107;0.215231788;0;0;0.053719008;0.235294118;;0;0.010695187;0.262773723;0.270083928;0.666745217;0.203936963;0.084714559;0.82121488;0.86150332;0.715723497;0.548286459;0.257182694;0.468892931;0.698957098;0.552738096;0.790426427;0.224178797;0.733054319;0.596354729;0.692349615;0.486438614;0.005594261;0.605579749;0.627914568;;0.579179694;0.541813812;0.533597953
305;0.015384615;0.280733945;0.399339934;0.424068768;0.712082262;0.48265896;0.602857143;0.08;0.965384615;0;0;0.972431078;0.089552239;0.708609272;0.504672897;0.375404531;0;0;0.988047809;0.506297229;;0.942567568;0;0.385224274;0.428057554;0;0;0.600660066;0.00286533;0.192802057;0.49132948;0;0;0.019230769;0;0;0.085213033;0.005037783;0;0;0;0.207119741;0;0;0.183266932;0.118243243;;0;0;0.492805755;0.079081685;0.67973107;0.161015007;0.084714559;0.795253329;0.803036255;0.752054628;0.457350129;0.240408627;0.338292567;0.698957098;0.41040575;0.78912177;0.12273476;0.733054319;0.596354729;0.689760949;0.501280749;0.005594261;0.558229037;0.64776162;;0.609803334;0.565412588;0.432115285
310;0;0.300724638;0.101973684;0.497175141;0.515892421;0.254491018;0.581196581;0.591503268;1;0.004291845;0;0.264705882;0.04491018;1.479638009;0.797583082;0.225080386;0;0.079710145;1.331967213;0.579634465;;0.321799308;0;1.026246719;0.489130435;0;0;0.898026316;0.177966102;0.437652812;0.700598802;0.230769231;0;0;0;0;0.058823529;0;0;0.033936652;0;0.096463023;0;0;0.389344262;0.038062284;;0;0;0;0.180963977;0.67973107;0.089879193;0.108116868;0.3100479;0.771848556;0.771321821;0.492691523;0.051402088;0.408570917;0.690369821;0.410238493;0.744996534;0.346244249;0.72325435;0.596354729;0.68861862;0.019459751;0.004352438;0.556906606;0.648871281;;0.622447879;0.612702722;0.429665684
315;0.175704989;0.012522361;0.067340067;0.389830508;0.620603015;0.50148368;0.588068182;0;1;0;0;0.599009901;0.331444759;0.673378076;1.836363636;0.431372549;0;0.477443609;0.586345382;0.712820513;;0.549295775;0;0.527173913;0.370909091;0;0;0.932659933;0.265536723;0.266331658;0.474777448;0.036931818;0;0;0;0;0.004950495;0;0;0;0.145454545;0.049019608;0;0;0.240963855;0;;0;0.019021739;0.029090909;0.188990644;0.67973107;0.089879193;0.392882346;0.129515402;0.775570777;0.785329026;0.787490913;0.035570727;0.464015349;0.499716596;0.410238493;0.733365534;0.371566982;0.704032275;0.596354729;0.625845103;0.01691575;0.001876008;0.444132449;0.572563042;;0.621801136;0.612702722;0.464422438
320;0.064516129;0.036036036;0;0.524216524;0.834951456;0.667638484;0.869942197;0.809836066;0.988142292;0;0;1.117794486;0.232954545;0.316964286;0.734375;0.605863192;0;0.330827068;1.148305085;0.556701031;;0.366782007;0;0.934782609;0.697508897;0;0;1;0.364672365;0.165048544;0.212827988;0;0;0.007905138;0;0;0.020050125;0;0;0;0;0;0;0;0.012711864;0.041522491;;0;0;0;0.205416644;0.67973107;0.250980906;0.670052017;0.584499263;0.776924312;0.800067517;0.659029836;0.035570727;0.488222598;0.414300717;0.410238493;0.733764075;0.371102644;0.686936198;0.596354729;0.224246111;0.01691575;0.002189382;0.221963595;0.020807705;;0.632767959;0.611150904;0.491227106
325;0.036956522;0.081272085;0.077966102;0.343324251;0.071604938;0.25739645;0.872781065;0.129568106;0.862204724;0;0.012658228;1.182481752;0.184135977;0.94;1.153374233;0.846645367;0;0.301886792;0.342857143;0.068965517;;0.46875;0;0.445333333;0.718518519;0;0;0.922033898;0.258855586;0.928395062;0.633136095;0;0;0.066929134;0;0;0.01946472;0;0;0.06;0.365030675;0.031948882;0;0;0.428571429;0;;0;0.050666667;0.240740741;0.208340644;0.67973107;0.577526454;0.747221944;0.708477161;0.776924312;0.834394665;0.306609455;0.035570727;0.490133769;0.414300717;0.410238493;0.71704416;0.370657106;0.683113544;0.595864131;0.559741648;0.01691575;0.088812773;0.397250659;0.005879118;;0.679176473;0.586211735;0.523101829
330;0;0;0.157377049;0.522727273;0.846347607;0.698830409;0.56232687;0.10367893;0.9375;0.207792208;0;1.943765281;0.222857143;0.398663697;1.050473186;0.205787781;0;0.413669065;0.357429719;0.251243781;;0.516778523;0.081632653;0.255874674;0.740875912;0;0;0.826229508;0.204545455;0.007556675;0.301169591;0.318559557;0;0.0625;0.012987013;0;0.056234719;0;0;0.064587973;0.069400631;0;0;0;0.445783133;0;;0;0;0.109489051;0.205746264;0.67973107;0.636712902;0.765354955;0.712631407;0.776924312;0.834394665;0.387118513;0.035570727;0.482462309;0.414300717;0.410238493;0.742742522;0.375781143;0.683175581;0.591951803;0.655765651;0.075560588;0.31262481;0.422460732;0.005879118;;0.679631563;0.38992638;0.661712019
335;0;0.071161049;0.254901961;0.48773842;0.982716049;0.498542274;0.655072464;0;1;0.172131148;0;0.655339806;0.125714286;0.451111111;0.569659443;0.220735786;0.005813953;0.241635688;0.63562753;0;;0.375838926;0.010238908;0;0.893238434;0;0;0.745098039;0.310626703;0;0.501457726;0.339130435;0;0;0.045081967;0;0;0;0;0.042222222;0.213622291;0;0;0;0.016194332;0;;0;0;0;0.230614144;0.67973107;0.645226161;0.764516515;0.717504132;0.791751158;0.830614166;0.417106509;0.035570727;0.21562357;0.414300717;0.410238493;0.750124927;0.40510627;0.683175581;0.592053729;0.67058802;0.348153793;0.018337361;0.350422654;0.005879118;;0.679631563;0.334606021;0.692558784
340;0;0;0.11589404;0.459940653;0.590243902;0.769005848;0.541310541;0.064724919;1;0;0;0.599022005;0;0.097065463;0.450793651;0.843537415;0;0.348484848;0.838461538;0.029126214;;0.5221843;0.085324232;0;0.448028674;0;0;0.88410596;0.480712166;0.409756098;0.207602339;0;0;0;0;0;0.002444988;0;0;0;0.184126984;0;0;0.011363636;0.103846154;0;;0;0;0.193548387;0.263408703;0.67973107;0.732113694;0.773244935;0.731547056;0.835278582;0.831307853;0.612839219;0.035570727;0.005309407;0.414300717;0.410238493;0.796487255;0.424168924;0.683859868;0.609913698;0.742276263;0.173130853;0.007459758;0.370882;0.005879118;;0.679631563;0.431167903;0.71160206
345;0;0.087565674;0.306397306;0.333333333;0.295566502;0.791907514;0.746438746;0;0.251012146;0.103896104;0;0.396593674;0.214705882;0.252252252;0.853125;0.374592834;0;0.208955224;0.949416342;0;;0.321070234;0.013651877;0.377717391;0.170289855;0;0;0.636363636;0.598360656;0.704433498;0.002890173;0;0;0;0.025974026;0;0;0;0;0;0;0.026058632;0;0.104477612;0.587548638;0;;0;0;0.148550725;0.247040144;0.67973107;0.736249749;0.792433171;0.746469778;0.799958843;0.829796406;0.643021093;0.035570727;0.005309407;0.414300717;0.410238493;0.801260346;0.435017479;0.685345388;0.681095423;0.723249109;0.068026892;0.007459758;0.617078106;0.005879118;;0.679631563;0.496646152;0.71160206
350;0;0.075925926;0.294303797;0.276536313;0.0575;0.396501458;0.446575342;0;0;0.033333333;0;1.115869018;0;0.199084668;1.388198758;0.920792079;0;0.180451128;0.832684825;0.222748815;;0.780068729;0.279461279;0.844327177;0.614840989;0;0;0.661392405;0.667597765;0.9425;0.12244898;0;0;0;0.004166667;0;0;0;0;0;0;0;0;0;0.217898833;0.020618557;;0;0;0.03180212;0.247142479;0.362363957;0.73608155;0.792433171;0.746469778;0.680629707;0.831010828;0.716677388;0.035570727;0.005309407;0.414300717;0.410238493;0.801260346;0.451699414;0.649057255;0.677693685;0.674834148;0.076478395;0.007459758;0.682839431;0.005879118;;0.679631563;0.592348812;0.71160206
355;0;0.210157618;0.364548495;0.542699725;0.265822785;0.626086957;0.560773481;0;0.180722892;0.025751073;0;1.140776699;0;0.731651376;0.919003115;0.685430464;0.064139942;0.075471698;0.369230769;0.34085213;;0.442508711;0.183673469;0.5;0.773234201;0;0;0.591973244;0.195592287;0.734177215;0.266666667;0;0;0.020080321;0;0;0;0;0;0;0.093457944;0;0;0;0.280769231;0;;0;0;0.137546468;0.247803506;0.31410772;0.668757695;0.798208253;0.643514012;0.68916317;0.776984108;0.72994407;0.035570727;0.005309407;0.414300717;0.410238493;0.799647383;0.451699414;0.60398833;0.66475543;0.674834148;0.025232298;0.007459758;0.687065589;0.005879118;;0.679631563;0.596069727;0.71160206
360;0.052173913;0.347294939;0.361842105;0.661157025;0.2109375;0.465875371;0.539325843;0.126623377;1;0;0;1.831265509;0.038123167;0.082352941;2.244648318;0.422442244;0.247863248;0.049056604;0.942528736;0.012437811;;0.418685121;0;0.608108108;0.556363636;0;0;0.569078947;0.338842975;0.7890625;0.471810089;0;0;0;0;0;0.124069479;0;0;0;0.003058104;0.02310231;0;0;0.01532567;0;;0;0;0;0.322779844;0.633051232;0.678355124;0.808506398;0.73651221;0.814864052;0.794568782;0.776463593;0.033509928;0.005309407;0.414300717;0.410238493;0.743250098;0.472175674;0.428793924;0.69009856;0.674834148;0.186721278;0.007459758;0.689182473;0.005879118;;0.6316482;0.596069727;0.707823161
365;0;0.187613843;0.272727273;0.536784741;0.491442543;0.471098266;0.301724138;0.64516129;0.407692308;0;0.043589744;1.238442822;0.372781065;0.102272727;2.301538462;0.682432432;0;0;1.28;0.563157895;;0.520408163;0.013605442;0;0.322344322;0;0;0.727272727;0.108991826;0.432762836;0.528901734;0;0;0;0;0;0;0;0;0;0.073846154;0;0;0;0.052;0;;0;0;0;0.612902849;0.652769995;0.695462558;0.804695821;0.746851992;0.856908228;0.795943879;0.787714616;0.026243239;0.005309407;0.414300717;0.410238493;0.728007792;0.492556414;0.403798462;0.676183791;0.674834148;0.542144001;0.007459758;0.702487877;0.005879118;;0.585518845;0.565409237;0.707871065
370;0.025751073;0.221611722;0.523178808;0.56232687;0.045454545;0.721407625;0.494318182;0.901315789;0.579545455;0.122807018;0;1.784172662;0.01179941;0.175280899;1.282608696;0.236065574;0.034582133;0.30418251;0.767716535;0.696658098;;0.32;0;0.008426966;1.210144928;0;0;0.476821192;0.193905817;0.954545455;0.278592375;0.011363636;0;0;0.070175439;0;0;0;0;0;0.114906832;0;0;0;0.149606299;0.006666667;;0;0;0.007246377;0.664871932;0.589952299;0.755522443;0.794971049;0.719219203;0.856908228;0.793959807;0.785908999;0.026243239;0.005309407;0.414300717;0.383188391;0.695515436;0.551472777;0.607532088;0.637864627;0.674834148;0.557640406;0.007459758;0.741293035;0.005879118;;0.472907356;0.587803039;0.707871065
375;0.243010753;0.389925373;0.317725753;0.331550802;0.450738916;0.50872093;0.446376812;0;0.087301587;0.594262295;0;1.012406948;0;0.006756757;1.254658385;0.33;0;0.049056604;0.66536965;1.123036649;;0.486111111;0.044217687;0.153638814;0.350553506;0;0;0.454849498;0.227272727;0.549261084;0.49127907;0;0;0;0.217213115;0;0.476426799;0;0;0;0.065217391;0;0;0;0.322957198;0.048611111;;0;0;0.036900369;0.697743441;0.637945735;0.738549132;0.72120716;0.657875658;0.833997771;0.76945347;0.785908999;0.026243239;0.005309407;0.35617043;0.378610477;0.715262005;0.687909089;0.150593686;0.524265034;0.674834148;0.65893232;0.007459758;0.741422058;0.005879118;;0.466878383;0.657360766;0.673007909
380;0.246284501;0.082601054;0.397260274;0.226519337;0.068126521;0.56851312;0.046961326;0;0;0.336099585;0.056122449;0.83042394;0;0.339578454;1.425396825;0.391304348;0.435158501;;0.286885246;0.369620253;;0.718213058;0.010204082;0.754716981;0.724014337;0;0;0.342465753;0;0.931873479;0.43148688;0;0;0;0.385892116;0;0.224438903;0;0;0;0.038095238;0;0;;0.028688525;0;;0;0.140161725;0;0.699382266;0.61642404;0.748359865;0.724849996;0.750389904;0.815456223;0.579380451;0.794564447;0.026243239;0.005309407;0.346021412;0.544026922;0.742043196;0.725026022;0.006929951;0.539119018;0.674834148;0.698109538;0.007459758;0.741422058;0.005879118;;0.514538134;0.657631148;0.64684794
385;0.002155172;0.080701754;0.42192691;0.36440678;0.751207729;0.124277457;0.324858757;0.237785016;0.240963855;0;0;0.685929648;0.02;0.099078341;0.698461538;0.560655738;0;;0.630952381;0.525672372;;0.141414141;0.716723549;0.330555556;1.223048327;0;0;0.574750831;0.361581921;0.248792271;0.875722543;0.573446328;0;0;0;0;0.01758794;0;0;0;0.006153846;0.045901639;0;;0.047619048;0;;0;0;0;0.700214104;0.662008642;0.50186859;0.709839812;0.803351386;0.815456223;0.256227808;0.849351579;0.026243239;0.005309407;0.469591054;0.563553929;0.771896996;0.742960359;0.006401697;0.590350576;0.639694622;0.724066411;;0.741422058;0.005879118;;0.610781071;0.657631148;0.555523241
390;0.152173913;0.005376344;0.697674419;0.289617486;0.217391304;0.715116279;0.353932584;0.296774194;0.590909091;0;0;0.295774648;0.351351351;0.061904762;0.931034483;0.535117057;0;;0.506224066;0.396464646;;0.619863014;0.265306122;0.051212938;0.964912281;0;0;0.302325581;0.628415301;0.603864734;0.284883721;0.02247191;0;0;0;0;0;0.047979798;0;0;0;0;0;;0.178423237;0;;0;0;0.024561404;0.508146876;0.619645561;0.564705714;0.724216895;0.780093146;0.834272237;0.359997188;0.853066913;0.026243239;0.005309407;0.609697715;0.560257139;0.786501357;0.744785751;0.006401697;0.616845382;0.380369025;0.723695154;;0.741422058;0.005879118;;0.618768165;0.705287473;0.282043258
395;0;0.289179104;0.146179402;0.349162011;0.53;0.464183381;0.566091954;0.080128205;0.23015873;0.112970711;0.162849873;1.144230769;0.039772727;0.014742015;0.595679012;0.857142857;0.195121951;;0.430327869;0.007462687;;0.360501567;0.108843537;0.068062827;0.61732852;0;0;0.760797342;0.650837989;0.47;0.521489971;0;0;0;0;0;0.057692308;0;0;0;0.052469136;0;0;;0.045081967;0;;0;0;0.296028881;0.257819948;0.618643565;0.712466271;0.522600312;0.726346533;0.870883475;0.119624619;0.828979423;0.026243239;0.005309407;0.609697715;0.501669316;0.696453096;0.736145687;0.009071168;0.728429777;0.06715508;0.720685617;;0.741422058;0.005879118;;0.618768165;0.728520058;0.265217391
400;0.002202643;0.176691729;0.736486486;0.488571429;0.511278195;0.32748538;0.427350427;0;0.031496063;0.48582996;0.073298429;0.81;0;0.002457002;0.70212766;0.149659864;0;;1.117408907;0.595907928;;0.282608696;0.040816327;0.010666667;0.859778598;0;0;0.195945946;0.342857143;0.426065163;0.67251462;0;0;0;0.400809717;0;0.11;0;0;0;0;0.037414966;0;;0.137651822;0;;0;0;0.070110701;0.103901232;0.232522678;0.724138882;0.461654566;0.762701596;0.871289535;0.405187428;0.726765354;0.026243239;0.005309407;0.609697715;0.038214871;0.642155904;0.70743007;0.227485804;0.749040532;0.516943238;0.743478346;;0.741422058;0.005879118;;0.655244074;0.667522431;0.326614705
405;0;0.742397138;0.263843648;0.08045977;0.467005076;0.314285714;0.528571429;0.037037037;0.325490196;;0;0.987654321;0.002923977;0.180288462;0.931034483;1.28956229;0;;1.305555556;0.131782946;;0.276595745;0;0.024193548;0.581227437;0;0;0.700325733;0.91954023;0.352791878;0.674285714;0;0;0;;0;0.145679012;0;0;0;0;0.205387205;0;;0;0;;0;0;0.274368231;0.107171071;0.066441644;0.689850615;0.472858827;0.312560436;0.871289535;0.455276425;0.799224329;0.025305423;0.005309407;0.609697715;0.023096951;0.610093543;0.706973252;0.45127321;0.749040532;0.579050157;0.672548526;;0.741422058;0.005879118;;0.695795608;0.60912821;0.51119694
410;0;0.822992701;0.281553398;0.404891304;0.358090186;0.378612717;0.571428571;0.090032154;0.932806324;;0;0.952261307;0;0.221461187;1.26984127;0.710884354;0;;0.81512605;0.35839599;;;0;0.09039548;0.427046263;0;0;0.313915858;0.451086957;0.559681698;0.39017341;0.26;0;0;;0;0.092964824;0;0;0;0;0.020408163;0;;0.159663866;;;0;0;0;0.174228245;0.066441644;0.690511976;0.47341904;0.551218692;0.850309745;0.630086541;0.552098077;0.024377741;;0.609697715;0.023096951;0.566977818;0.700679315;0.633003151;0.712446838;0.658271609;0.522264833;;0.735183926;;;0.695795608;0.619142391;0.527727677
415;0;0.760667904;0.331210191;0.348441926;0.206185567;0.848137536;0.546703297;0.161073826;0.049242424;;0.085642317;0.604651163;0.202941176;0.181395349;0.769470405;0.176079734;0;;0.624489796;0.314496314;;;0;0.035805627;0.258992806;0;0;0.646496815;0.509915014;0.791237113;0.106017192;0.159340659;0.046979866;0;;0;0;0;0;0;0.00623053;0;0;;0.244897959;;;0;0;0;0.151840609;0.067975311;0.756752537;0.461904861;0.610914337;0.784121892;0.747700641;0.537421116;0.024377741;;0.609697715;0.022552195;0.423079218;0.700662396;0.659418679;0.683543141;0.663641163;0.480816792;;0.613509518;;;0.69613324;0.584750658;0.588681369
420;0;0.669708029;0.566225166;0.355882353;0.197468354;0.396600567;0.46991404;0.067092652;0;;0;0.272727273;0.538243626;0;0.779503106;0.148026316;0;;0.568;0.012224939;;;0;0.115288221;0.318681319;0;0;0.433774834;0;0.802531646;0.532577904;0;0;0;;0;0;0;0;0;0.00931677;0;0;;0;;;0;0;0;0.154154991;0.072891644;0.737979398;0.67085325;0.657710927;0.868257241;0.549308964;0.733190822;0.030507707;;0.609697715;0.019065246;0.261936736;0.609879093;0.735044145;0.622150765;0.663641163;0.519391869;;0.587937177;;;0.734980731;0.514958944;0.615892177
425;0;0.079086116;0.299363057;0.314049587;0.324120603;0.478632479;0.404558405;0.34551495;0.188461538;;0;0.287439614;0.692957746;0.280742459;0.393846154;0.638795987;0;;0.920318725;0.158808933;;;0;0.28125;0.759124088;0;0;0.656050955;0;0.66080402;0.521367521;0.008547009;0;0;;0;0;0;0.002816901;0;0.033846154;0.063545151;0;;0;;;0;0;0.208029197;0.548909691;0.072891644;0.573834087;0.695858808;0.690072386;0.877260128;0.516962653;0.362254446;0.155933149;;0.55234506;0.020111988;0.610698819;0.238001897;0.744051789;0.610993708;0.663641163;0.528068108;;0.608394857;;;0.738702053;0.437226464;0.676205788
430;0;0.677477477;0.342281879;0.10626703;0.2125;0.534482759;0.516666667;0.475247525;0.698039216;;0;0.431372549;0.119883041;0.009708738;0.471471471;0.354304636;0.175792507;;0.757936508;0.002564103;;;0.074829932;0;0.645522388;0;0;0.657718121;0;0.7875;0.204022989;0.166666667;0;0;;0;0.022058824;0;0;0;0.009009009;0;0;;0.091269841;;;0;0;0;0.668618973;0.072891644;0.684817302;0.495065883;0.693781652;0.682564843;0.001642579;0.322737481;0.200679025;;0.317233286;0.020111988;0.714544784;0.253500012;0.744051789;0.512626834;0.665188374;0.528068108;;0.713889149;;;0.701573123;0.465855363;0.712898053
435;0;0.166058394;0.463815789;0.504249292;0.486075949;0.171919771;0.468493151;0.461538462;0.099206349;;0;0.622276029;0.238372093;0.192214112;1.049689441;0.267100977;;;1.420833333;0.241025641;;;0;0;0.904761905;0;0;0.536184211;0.339943343;0.513924051;0.690544413;0.178082192;0;0;;0;0;0.023076923;0;0;0.065217391;0;;;0.2125;;;0;0;0.113553114;0.672623201;0.072841938;0.722007041;0.429739358;0.689627763;0.721818523;0.184614388;0.331488738;0.196897823;;0.296980062;0.020111988;0.7183112;0.256077802;0.744051789;0.360052611;0.66550666;0.528068108;;0.719273758;;;0.626945041;0.47941389;0.712898053
440;0.023655914;0;0.186885246;0.380165289;0.43814433;0.495652174;0.726256983;0.314935065;0.015564202;;0.095717884;0.322580645;0.164305949;0.192307692;1.364741641;0.423452769;;;1.12;0;;;0.206779661;0.18469657;1.033457249;0;0;0.813114754;0.619834711;0.536082474;0.014492754;0.019553073;0;0;;0;0;0;0;0;0;0;;;0;;;0;0;0.107806691;0.672623201;0.068521442;0.738017375;0.583350457;0.48699394;0.46828834;0.538481778;0.386051088;0.203056268;;0.36395116;0.020111988;0.550593412;0.33805264;0.744796233;0.463820149;0.662041966;;;0.745696478;;;0.585504454;0.520366241;0.712898053
445;0.028077754;0.10990991;0.11589404;0.773371105;0.180661578;0.547337278;0.784916201;0.811258278;0.205761317;;0;0.535532995;0.152046784;0.10653753;0.478395062;0.631578947;;;;0.228116711;;;0;0.141689373;0.476190476;0;0;0.88410596;0.161473088;0.819338422;0.346153846;0.061452514;0;0;;0;0.002538071;0;0;0;0;0;;;;;;0;0;0.417582418;0.494165186;0.084833183;0.767978533;0.672634883;0.379508436;0.667544398;0.730615246;0.337121159;0.197614542;;0.374996748;0.020111988;0.550378382;0.468774128;0.750329013;0.496628848;0.570205295;;;;;;0.645429145;0.520366241;0.699117323
450;0.012987013;0.134357006;0.374193548;0.275071633;0.373056995;0.726470588;0.584745763;0.171052632;0.012;;0;0.882666667;0.002816901;0.185096154;0.935582822;0.170568562;;;;1.113475177;;;0;0.395833333;0.948905109;0;0;0.625806452;0;0.624352332;0.223529412;0.296610169;0;0;;0;0;0;0;0;0;0;;;;;;0;0.059895833;0.237226277;0.156993635;0.387727892;0.707835139;0.580935304;0.378436888;0.788409492;0.745672335;0.316424729;0.175276935;;0.466176308;0.020111988;0.56712946;0.295069472;0.756917157;0.496628848;0.56107756;;;;;;0.645583655;0.520366241;0.632681655
455;0;0.230769231;0.123333333;0.675749319;0.028947368;0.435158501;0.376811594;0.72875817;0;;0.191435768;0.501222494;0.137142857;0.206650831;0.300309598;0.239057239;;;;;;;0;;0.833948339;0;0;0.87;0.177111717;0.971052632;0.564841499;0.026086957;0;0;;0;0.029339853;;0;0;0;0;;;;;;0;;0.125461255;0.13001147;0.4388545;0.678019123;0.081162644;0.456392975;0.791919957;0.747260859;0.351303547;0.177350632;;0.495416248;0.020111988;;0.23428138;0.759116651;0.498702508;0.56107756;;;;;;;0.520366241;0.632681655
460;0;0;0.255737705;0.245125348;0.384615385;0.890489914;0.58028169;0.062913907;0.078358209;;0.027093596;0.218137255;0;0.093896714;0.965732087;0.577557756;;;;;;;0.09556314;;0.120437956;0;0;0.731147541;0.35097493;0.615384615;0.025936599;0.016901408;0;0;;0;0;;0;0;0.165109034;0.02640264;;;;;;0;;0;0.13001147;0.438825833;0.725973875;0.038644509;0.341658908;0.795236117;0.747260859;0.394950154;0.178363341;;0.501327803;0.020111988;;0.23428138;0.72693824;0.328290935;0.56107756;;;;;;;0.520366241;0.632681655
465;0;0.269016698;0.851485149;0.607344633;0.172069825;0.94269341;0.141242938;0.376666667;0.355555556;;0.06234414;0.622222222;0.022346369;0.522041763;1.128440367;0.632653061;;;;;;;0;;0.682481752;0;0;0.145214521;0.042372881;0.827930175;0.05730659;0.570621469;0;0.591111111;;0;0.02962963;;0;0.048723898;0.009174312;0.013605442;;;;;;0;;0.051094891;0.13001147;0.250100364;0.720402032;0.035227998;0.675722353;0.828269886;0.69468543;0.182035568;0.054511066;;0.545194634;0.029810436;;0.237745838;0.724065738;0.289579432;0.628888418;;;;;;;0.520366241;0.632681655
470;0;0.274864376;0.189542484;0.19047619;0.06835443;0.436781609;0.351800554;0.038961039;0.489878543;;0;0.782082324;0.014492754;0;1.080495356;0.280821918;;;;;;;0;;0.52173913;0;0;0.810457516;0.109243697;0.93164557;0.143678161;0.548476454;0;0.502024291;;0;0.11622276;;0;0;0;0;;;;;;0;;0.061594203;0.13001147;0.345788892;0.704565072;0.035227998;0.827831961;0.828296205;0.700640983;0.022512243;0.031113643;;0.55697767;0.038532314;;0.470600416;0.245976441;0.322996731;0.685577303;;;;;;;0.520366241;0.616909522
475;0;0.101633394;0.074918567;0.840220386;0.345177665;0.229461756;0.626740947;0.377850163;0.572580645;;0.030150754;0.350119904;0.065527066;0;0.582554517;0.287625418;;;;;;;0;;0.505494505;0;0;0.925081433;0.068870523;0.654822335;0.767705382;0;0;0.096774194;;0;0.810551559;;0.002849003;0;0;0.003344482;;;;;;0;;0.120879121;0.130400343;0.4130545;0.723498513;0.035227998;0.689287232;0.774147292;0.749196278;0.022721363;0.028252881;;0.55697767;0.038032333;;0.604164914;0.007112589;0.469478054;0.65045416;;;;;;;0.520366241;0.294066043
480;0;0;0.232786885;0.347593583;0.403553299;0.230769231;0.622159091;0;0;;0;1.6882494;0.097345133;0.090692124;0.433962264;0.948979592;;;;;;;0;;0.73992674;0;0;0.767213115;0.652406417;0.581218274;0.769230769;0.099431818;0;0;;0;0.052757794;;0;0;0;0.013605442;;;;;;0;;0.06959707;0.318704346;0.4130545;0.697997236;0.035227998;0.424138571;0.770300997;0.617706123;0.267417675;0.026812943;;0.55697767;0.024253637;;0.612624815;0.005937645;0.500197768;0.65045416;;;;;;;0.536232183;0.225483284
485;0;0.468858131;0.22923588;0.166666667;0.080939948;0.100286533;0.134453782;0;0;;0;1.354460094;0.03943662;0.172093023;0.783281734;0.566343042;;;;;;;0;;0.471631206;0;0;0.77076412;0.833333333;0.919060052;0.899713467;0.089635854;0;0;;0;0.340375587;;0;0;0;0.012944984;;;;;;0;;0.085106383;0.655220203;0.122663717;0.61043965;0.035227998;0.409501699;0.861305536;0.225732695;0.329665489;0.025997191;;0.55697767;0.024059201;;0.522472938;0.005097326;0.38343067;0.65045416;;;;;;;0.533115651;0.364511707
490;0;0.182017544;0.363036304;0.159779614;0.201550388;0.452991453;0.406779661;0;0.197026022;;0.093434343;0.96882494;0.067647059;0.228365385;1.035031847;0.62745098;;;;;;;0;;0.675090253;0;0;0.636963696;0.840220386;0.790697674;0.535612536;0.257062147;0;0.256505576;;0;0.393285372;;0;0;0.015923567;0.052287582;;;;;;0;;0.097472924;0.681198773;0.04540765;0.558874131;0.035227998;0.758251099;0.863245603;0.629810132;0.339695078;0.024947446;;0.494985505;0.024059201;;0.319045649;0.197333387;0.331666209;0.65045416;;;;;;;0.506362663;0.445339519
495;0;;0.848184818;0.56056338;0.156962025;0.191176471;0.475138122;0.646302251;0.178294574;;0.461340206;1.174447174;0;0.093676815;0.641744548;0.632786885;;;;;;;0;;0.611510791;0;;0;0.402816901;0.820253165;0.785294118;0.063535912;0;0.821705426;;0.056701031;0.007371007;;0;0;0;0.13442623;;;;;;0;;0.402877698;0.677500089;;0.115536325;0.035227998;0.835312714;0.810482183;0.757341666;0.342000464;0.024947446;;0.384081484;0.024059201;;0.241676968;0.407433712;0.347712508;0.581669579;;;;;;;0.568087263;0.460156241
500;0;;0.638436482;0.11827957;0.126582278;0.217391304;0.571030641;0.009803922;1;;0.069230769;1;0.085714286;0.143529412;1.184375;0.241721854;;;;;;;0;;0.953068592;0;;0.358306189;0.88172043;0.873417722;0.75942029;0.22005571;0;0;;0;0.107055961;;0;0;0;0.07615894;;;;;;0;;0.075812274;0.677500089;;0.448304788;0.035227998;0.855081842;0.749351286;0.756960045;0.345020267;0.024321468;;0.359219238;0.024059201;;0.137758382;0.662318539;0.45697757;0.576137763;;;;;;;0.568087263;0.460156241
505;0;;0;0.617318436;0.306329114;0.405882353;0.588405797;0.194078947;1;;0;1.168269231;0.120234604;1.028235294;0.773006135;0.706270627;;;;;;;0;;0.960288809;0;;1;0.382681564;0.683544304;0.588235294;0.295652174;0;0;;0;0.177884615;;0;0;0.042944785;0.227722772;;;;;;0;;0;0.677500089;;0.683696565;0.035227998;0.757943158;0.80969826;0.639295785;0.345596038;0.024947446;;0.393036794;0.024059201;;0.042399334;0.693927581;0.459739348;0.728771603;;;;;;;0.568087263;0.460156241
510;0;;0.190635452;0.76217765;0.294871795;0.168571429;0.772079772;0;0.923076923;;0;1.026829268;0.288629738;0.855140187;0.762345679;0.911184211;;;;;;;0;;0.934545455;0;;0.809364548;0.209169054;0.705128205;0.828571429;0.085470085;0;0.038461538;;0;0.043902439;;0;0.10046729;0;0.190789474;;;;;;0;;0.036363636;0.692906195;;0.72315604;0.035227998;0.725435763;0.845093196;0.16381735;0.34315477;0.023444914;;0.406581689;0.024059201;;0.132422561;0.693927581;0.457950312;0.737847546;;;;;;;0.591328139;0.45943628
515;0;;0.523489933;0.801652893;0.538659794;0.153623188;0.628099174;0;0.403846154;;0;1.268115942;0;1;0.236024845;0.043624161;;;;;;;0;;0.589090909;0;;0.39261745;0.123966942;0.461340206;0.846376812;0.181818182;0;0;;0;0.082125604;;0;0;0;0;;;;;;0;;0.196363636;0.697507957;;0.698671757;0.035227998;0.568857993;0.850806241;0.178750683;0.34315477;0.02121645;;0.382953895;0.024059201;;0.2488165;0.694448316;0.457950312;0.737847546;;;;;;;0.622186694;0.317219857
520;0;;0.470394737;0.100271003;0.081841432;0.414201183;0.60989011;0.199312715;0;;0;0.717761557;0.43620178;0.423340961;1.203703704;0.139072848;;;;;;;0;;0.430656934;0;;0.513157895;0.899728997;0.918158568;0.443786982;0.035714286;0;0;;0;0.362530414;;0;0;0;0;;;;;;0;;0.448905109;0.697507957;;0.425305101;0.035227998;0.176885882;0.889160155;0.419266583;0.33512576;0.023624555;;0.291287027;0.024059201;;0.392854339;0.694055415;0.457950312;0.739722463;;;;;;;0.622186694;0.121428393
525;0;;0.722033898;0.448275862;0.293506494;0.309037901;0.464088398;0;0;;0;0.267326733;0.034682081;0;1.473015873;0.801346801;;;;;;;0;;0.543478261;0;;0.277966102;0.077586207;0.706493506;0;0.267955801;0;0;;0;0;;0;0;0.034920635;0;;;;;;0;;0.032608696;0.697507957;;0.161657592;0.035227998;0.104028429;0.840734826;0.715198579;0.210587327;0.115682486;;0.294347364;0.024059201;;0.426332943;0.128765739;0.413461839;0.739998046;;;;;;;0.622186694;0.275925015
530;0;;0.739549839;0.08815427;0.264;0.657817109;0.681948424;0.454849498;0.134387352;;0;0.824691358;0;0.178571429;1.062111801;0.874576271;;;;;;;0;;0.925;0;;0.260450161;0.085399449;0.736;0;0.06017192;0;0;;0;0.007407407;;0;0;0.062111801;0;;;;;;0;;0.025;0.697507957;;0.493694602;0.036891718;0.104028429;0.425741443;0.728207179;0.0556219;0.243980487;;0.292187072;0.024059201;;0.445002943;0.002736421;0.201642509;0.751875765;;;;;;;0.622186694;0.420374824
535;0;;0.533783784;0.444743935;0.171794872;0.200581395;0.668539326;0.572390572;0;;0.040506329;0.880382775;0.058823529;0;1.319749216;0.569023569;;;;;;;0;;0.577777778;0;;0.466216216;0.525606469;0.828205128;0;0;0;0;;0;0;;0;0;0.072100313;0.01010101;;;;;;0;;0.251851852;0.697507957;;0.480663305;0.131635397;0.104028429;;0.589373982;0.07256154;0.491391729;;0.326854208;0.024059201;;0.449552093;0.009421771;0.306829683;0.757200546;;;;;;;0.625206717;0.608940768
540;0;;0.20952381;0.350140056;0.079487179;0.014705882;0.712166172;0.709459459;0.226190476;;;0.906323185;0.002849003;0.102974828;0.387692308;0.543046358;;;;;;;0;;0.735507246;0;;0.79047619;0.649859944;0.920512821;0;0;0;0;;;0;;0;0;0;0.003311258;;;;;;0;;0.152173913;0.697923145;;0.37225065;0.356076787;0.104028429;;0.717262346;0.205627295;0.530112306;;;0.024059201;;0.479408443;0.246931285;0.307425312;0.757200546;;;;;;;0.635088694;0.622270087
545;0;;0.99025974;0.338108883;0.227621483;;0.83573487;0.591503268;0.072243346;;;0.657142857;0.10619469;0;0.296636086;0.249169435;;;;;;;0;;0.512727273;0;;0.00974026;0.123209169;0.772378517;;0;0;0;;;0;;0;0;0.388379205;0;;;;;;0;;0.28;0.703183172;;0.387266807;0.655927823;0.104028429;;0.729741185;0.585914053;0.466168251;;;0.024059201;;0.479408443;0.479632622;0.298182578;0.757200546;;;;;;;0.701427171;0.622270087
550;0;;0.277777778;0.227665706;0.992462312;;0.916184971;0.491638796;0.301158301;;;0.704600484;0.023952096;0;0.49375;0.172077922;;;;;;;0;;0.311827957;0;;0.712418301;0;0;;0;0;0;;;0.00968523;;0;0;0.396875;0;;;;;;0;;0;0.703428776;;0.566128964;0.692758807;0.102825286;;0.729741185;0.647734155;0.538015448;;;0.041744175;;0.479408443;0.687938485;0.251981341;0.757200546;;;;;;;0.745153053;0.622270087
555;0;;0.498360656;0.580110497;0.71875;;0.121468927;0.725752508;0.708661417;;;1.239709443;0;0.364269142;0.617554859;0.648829431;;;;;;;0;;0.610294118;0;;0.445901639;0.069060773;0.28125;;0.039548023;0;0;;;0.18401937;;0;0;0.006269592;0;;;;;;0;;0.205882353;0.703428776;;0.641418236;0.679294895;0.10233651;;0.682405064;0.647734155;0.373846317;;;0.053663295;;0.526065917;0.746400943;0.298308326;0.757355774;;;;;;;0.745153053;0.622727267
560;0;;0.371710526;0.337110482;0.278350515;;0.495867769;0.240924092;0.647058824;;;0.622107969;0.020231214;0.301401869;0.530674847;0.432885906;;;;;;;0;;0.54676259;0;;0.598684211;0.235127479;0.721649485;;0.314049587;0;0;;;0;;0;0;0.012269939;0.003355705;;;;;;0;;0.21942446;0.703428776;;0.380744326;0.704365368;0.04749391;;0.689219735;0.644289203;0.52984427;;;0.05060786;;0.555102999;0.754524032;0.313021805;0.769125912;;;;;;;0.745153053;0.624420587
565;0;;0.418831169;0.397727273;0.00511509;;0.526027397;0.079470199;0.158730159;;;0.247572816;0.121126761;0.368171021;0.526315789;0.473333333;;;;;;;0;;0.571428571;0;;0.113636364;0;0.99488491;;0.243835616;0;0;;;0;;0;0;0.421052632;0;;;;;;0;;0.214285714;0.587398268;;0.463593835;0.683075393;0.039077555;;0.733621318;0.650735073;0.472676439;;;0.017147193;;0.477716525;0.763671672;0.313021805;0.567182997;;;;;;;0.745153053;0.624420587
570;0.579399142;;0.313531353;0.085635359;0.338345865;;0.293296089;0.452380952;;;;0.761083744;0.016666667;0.759345794;0.383647799;0.416382253;;;;;;;0;;0.824175824;0;;0.577557756;0;0.661654135;;0.544692737;0;;;;0.0591133;;0;0.060747664;0;0.034129693;;;;;;0;;0;0.652201774;;0.499243603;0.694495843;0.049187708;;0.733970981;0.655196146;0.472092377;;;0.016822644;;0.477716525;0.761788002;0.313021805;0.018725766;;;;;;;0.692659332;0.624420587
575;0.153172867;;0.600638978;0.498567335;0.064676617;;0.626404494;0.215017065;;;;0.653753027;0;0.494172494;0.551829268;0.232786885;;;;;;;0;;1.018248175;0;;0.220447284;0;0.935323383;;0.235955056;0;;;;0.11622276;;0;0;0;0;;;;;;0;;0.142335766;0.690414019;;0.214661889;0.583955605;0.02609678;;0.738336131;0.658566554;;;;0.017248066;;0.513103941;0.760195719;0.315500543;0.032039304;;;;;;;0.579123765;0.657894523
580;0.053533191;;0.523648649;0.55;0.368286445;;0.253369272;0.03;;;;0.788697789;0.100294985;0.501165501;0.651376147;0.085245902;;;;;;;0;;0.807272727;0;;0.216216216;0.380555556;0.086956522;;0.746630728;0;;;;0.081081081;;0;0;0;0;;;;;;0;;0.141818182;0.690414019;;0.288168523;0.632213112;0.054785226;;0.771647658;0.669889945;;;;0.018796251;;0.616404968;0.728602732;0.321713692;0.195509511;;;;;;;0.579759058;0.663596037
585;0.019823789;;0.064724919;0.575;0.276923077;;0.56779661;0.143322476;;;;1.015424165;0.38630137;0.004716981;0.44648318;0.909698997;;;;;;;;;0.557195572;0;;0.935275081;0.166666667;0.702564103;;0.211864407;0;;;;0.154241645;;0;0;0;0;;;;;;;;0.003690037;0.647800204;;0.328835884;0.713973586;0.257233145;;0.778372447;0.669963644;;;;0.018796251;;0.620159147;0.071849736;0.266071898;0.140243213;;;;;;;0.66381395;
590;0;;0.779661017;0.614730878;0.3125;;0.705555556;0.322259136;;;;0.434567901;0.078787879;0.232018561;0.674050633;0.67003367;;;;;;;;;0.101449275;0;;0.003389831;0.104815864;0.6875;;0.011111111;0;;;;0;;0;0.025522042;0;0.050505051;;;;;;;;0;0.216345465;;0.455554645;0.684460886;0.36455059;;0.728227741;0.607306415;;;;0.018796251;;0.674189626;0.022308424;0.266071898;0.004529115;;;;;;;0.669963644;
595;0;;0.538461538;0.561604585;0.190839695;;0.414084507;0.851973684;;;;0.899014778;0;0.306791569;0.707165109;0.524916944;;;;;;;;;0.755639098;0;;0.400641026;0.180515759;0.618320611;;0;0;;;;0;;0;0;0;0;;;;;;;;0.447368421;0.056830988;;0.57955104;0.708051871;0.372658639;;0.727797242;0.474086393;;;;0.018796251;;0.686106131;0.437862378;0.266071898;0.00344391;;;;;;;0.532823794;
600;0;;0.478405316;0.092537313;0.314285714;;0.315789474;0.809364548;;;;0.997474747;0.086309524;0.939325843;0.481012658;0.059800664;;;;;;;;;0.766666667;0;;0.521594684;0.841791045;0.685714286;;0.058171745;0;;;;0.035353535;;0;0.096629213;0.028481013;0;;;;;;;;0.125925926;0.056830988;;0.5904002;0.728144945;0.223363222;;0.732572212;0.5251499;;;;0.465536395;;0.357804607;0.678984064;0.266071898;0.003517608;;;;;;;0.428755748;
605;0;;0.43877551;0.45915493;0.069948187;;0.578947368;0.845394737;;;;0.737864078;0.203910615;0.121896163;0.305555556;0.255892256;;;;;;;;;0.643382353;0;;0.551020408;0;0.930051813;;0.268698061;0;;;;0.371359223;;0;0.002257336;0;0.101010101;;;;;;;;0.018382353;0.056830988;;0.608089379;0.711020369;0.413836377;;0.734429563;0.408934017;;;;0.699887969;;0.462890058;0.584732921;0.266071898;0.230937826;;;;;;;0.428755748;
610;0;;0.284745763;0.276353276;0.314578005;;0.806722689;0.811258278;;;;0.467821782;1;0.294663573;0.188679245;0.28852459;;;;;;;;;0.413043478;;;0.457627119;0.39031339;0.685421995;;0.005602241;0;;;;0.386138614;;0;0;0;0;;;;;;;;0;;;0.475409332;0.766900679;0.415716286;;0.733384333;0.224360391;;;;0.700006385;;0.462890058;0.074435822;0.261901521;0.316752801;;;;;;;0.428755748;
615;;;0.293103448;0.329446064;0.409921671;;0.584745763;0.782178218;;;;0.768292683;;0.40311804;0.615635179;0.263333333;;;;;;;;;0.766666667;;;0.706896552;0.539358601;0.590078329;;0.163841808;0;;;;0.058536585;;;0.167037862;0;0;;;;;;;;0;;;0.274179216;0.774457915;0.359357126;;0.731045726;0.116100565;;;;0.712137485;;;0.228589533;0.264634991;0.27935487;;;;;;;0.428755748;
620;;;0.068403909;0.675141243;0.62915601;;0.43697479;0;;;;1.276119403;;0.54954955;0.4;0.140449438;;;;;;;;;0;;;0.931596091;0.014124294;0.120204604;;0.397759104;0;;;;0;;;0.279279279;0.025;0;;;;;;;;;;;0.626716674;0.810390506;0.10607189;;0.731288234;0.113379977;;;;0.720723404;;;0.269332734;0.270372398;0.073446092;;;;;;;;
625;;;0.363013699;0.855072464;0.392207792;;0.552112676;0.032894737;;;;0.425790754;;0.447488584;0.634730539;;;;;;;;;;;;;0.393835616;0;0.607792208;;0.430985915;0;;;;0.472019465;;;0.043378995;0;;;;;;;;;;;;0.675888295;0.828599309;0.114565321;;0.733583604;0.251388113;;;;0.721597638;;;0.00463889;0.108305955;;;;;;;;;
630;;;0.475409836;0.170520231;0.170984456;;0.590909091;0;;;;0.636803874;;0.189189189;0.944099379;;;;;;;;;;;;;0;0;0.829015544;;0.409090909;0;;;;0.653753027;;;0.006756757;0.00310559;;;;;;;;;;;;0.674433796;0.826788956;0.131945085;;0.734458658;0.273667397;;;;0.721597638;;;0.278440076;0.033171331;;;;;;;;;
635;;;0.016835017;0.066091954;0.385416667;;0.512534819;0.241830065;;;;0.890243902;;0.081632653;0.397553517;;;;;;;;;;;;;0.936026936;0;0.606770833;;0;0;;;;0.36097561;;;0;0;;;;;;;;;;;;0.303558145;0.841401493;0.071955292;;0.735940893;0.257809227;;;;0.721597638;;;0.550465051;0.0319682;;;;;;;;;
640;;;0.400662252;0.501466276;0.553846154;;0.363636364;0.08;;;;0.544334975;;0.332568807;;;;;;;;;;;;;;0.599337748;0;0.241025641;;0.0625;0;;;;0.34729064;;;0;;;;;;;;;;;;;0.445678164;0.849193106;0.123923568;;0.531463342;0.023788312;;;;0.721597638;;;0.560909426;0.0319682;;;;;;;;;
645;;;0.631756757;0.064606742;0.598465473;;0.468390805;0.006711409;;;;0.954198473;;0.212189616;;;;;;;;;;;;;;0.131756757;0;0.076726343;;0.229885057;0;;;;0.267175573;;;0;;;;;;;;;;;;;0.664429434;0.43467534;0.016196734;;;0.005879118;;;;0.511386638;;;0.578337866;;;;;;;;;;
650;;;0.162790698;0.018918919;0.997429306;;;0.73630137;;;;0.624390244;;0;;;;;;;;;;;;;;0.820598007;0;0.002570694;;;0;;;;0.012195122;;;0;;;;;;;;;;;;;0.752205873;0.020992117;0.009777255;;;0.005879118;;;;0.485422751;;;0.611994189;;;;;;;;;;
655;;;0.566343042;0.134831461;1;;;0.030716724;;;;0.456852792;;0.013363029;;;;;;;;;;;;;;0.381877023;0;0;;;0;;;;0.020304569;;;0;;;;;;;;;;;;;0.729535616;0.020318456;;;;0.037335554;;;;0.485422751;;;0.703201058;;;;;;;;;;
660;;;0.58496732;0;;;;0.87414966;;;;0.686746988;;0;;;;;;;;;;;;;;0.41503268;0;;;;0;;;;0.371084337;;;0;;;;;;;;;;;;;0.505549961;0.020318456;;;;0.138991082;;;;0.485422751;;;0.729138169;;;;;;;;;;
665;;;0.080906149;;;;;0.447916667;;;;1.024154589;;0;;;;;;;;;;;;;;0.912621359;;;;;0;;;;0.217391304;;;0;;;;;;;;;;;;;0.480029649;;;;;0.464199622;;;;0.485422751;;;0.752319554;;;;;;;;;;
670;;;0.012987013;;;;;0.872053872;;;;1.669975186;;0;;;;;;;;;;;;;;0.987012987;;;;;0;;;;0.014888337;;;0;;;;;;;;;;;;;0.622141932;;;;;0.696267097;;;;0.623307658;;;0.803027228;;;;;;;;;;
675;;;0.439597315;;;;;0.928813559;;;;1.230769231;;0;;;;;;;;;;;;;;0.543624161;;;;;0;;;;0;;;0;;;;;;;;;;;;;0.674082558;;;;;0.70367112;;;;0.745938783;;;0.803730314;;;;;;;;;;
680;;;0.054607509;;;;;0.75;;;;1.143576826;;0.07918552;;;;;;;;;;;;;;0.941979522;;;;;0;;;;0.025188917;;;0;;;;;;;;;;;;;0.736895765;;;;;0.70367112;;;;0.745938783;;;0.803023468;;;;;;;;;;
685;;;0.025641026;;;;;0.609836066;;;;0.821515892;;0.117256637;;;;;;;;;;;;;;0.974358974;;;;;0;;;;0.053789731;;;0;;;;;;;;;;;;;0.772594533;;;;;0.70367112;;;;0.745938783;;;0.801451863;;;;;;;;;;
690;;;0;;;;;0.181208054;;;;1.014669927;;0.170022371;;;;;;;;;;;;;;1;;;;;0;;;;0.068459658;;;0;;;;;;;;;;;;;0.772736828;;;;;0.70367112;;;;0.745938783;;;0.781684615;;;;;;;;;;
695;;;0.207920792;;;;;0.972972973;;;;0.282555283;;0.240618102;;;;;;;;;;;;;;0.785478548;;;;;0;;;;0.734643735;;;0;;;;;;;;;;;;;0.704510475;;;;;0.721379989;;;;0.702076479;;;0.750658588;;;;;;;;;;
700;;;0.398058252;;;;;0.227424749;;;;0.716080402;;0.076586433;;;;;;;;;;;;;;0.488673139;;;;;0;;;;0.525125628;;;0;;;;;;;;;;;;;0.400294884;;;;;0.766174502;;;;0.502285116;;;0.748874554;;;;;;;;;;
705;;;0.384126984;;;;;0.218543046;;;;0.488311688;;0;;;;;;;;;;;;;;0.514285714;;;;;0;;;;0.532467532;;;0;;;;;;;;;;;;;0.408602882;;;;;0.767098039;;;;0.58685391;;;0.722273835;;;;;;;;;;
710;;;0.564784053;;;;;0.406779661;;;;0.431421446;;0.042505593;;;;;;;;;;;;;;0.109634551;;;;;0;;;;0.573566085;;;0;;;;;;;;;;;;;;;;;;0.752331128;;;;0.758090849;;;0.707460148;;;;;;;;;;
715;;;0.563106796;;;;;0.755852843;;;;0.629820051;;0.053932584;;;;;;;;;;;;;;0.313915858;;;;;0;;;;0.619537275;;;0;;;;;;;;;;;;;;;;;;0.601500809;;;;0.760539583;;;0.423192948;;;;;;;;;;
720;;;0;;;;;0.136666667;;;;0.901515152;;0.022421525;;;;;;;;;;;;;;0;;;;;0;;;;0.315656566;;;0;;;;;;;;;;;;;;;;;;0.442171426;;;;0.76255604;;;0.278377238;;;;;;;;;;
725;;;;;;;;0.642140468;;;;0.536523929;;0;;;;;;;;;;;;;;;;;;;0;;;;0.04534005;;;0;;;;;;;;;;;;;;;;;;0.111870503;;;;0.610522087;;;0.426661797;;;;;;;;;;
730;;;;;;;;0.58;;;;0.187192118;;0;;;;;;;;;;;;;;;;;;;0;;;;0;;;0;;;;;;;;;;;;;;;;;;0.161192334;;;;0.000798325;;;0.589524143;;;;;;;;;;
735;;;;;;;;0.654362416;;;;0.60391198;;0.053691275;;;;;;;;;;;;;;;;;;;0;;;;0.026894866;;;0;;;;;;;;;;;;;;;;;;0.400463024;;;;4.49E-05;;;0.639535233;;;;;;;;;;
740;;;;;;;;0;;;;0;;0;;;;;;;;;;;;;;;;;;;0;;;;0;;;0;;;;;;;;;;;;;;;;;;0.415752694;;;;0;;;0.637763667;;;;;;;;;;
745;;;;;;;;0;;;;;;0.002257336;;;;;;;;;;;;;;;;;;;0;;;;;;;0;;;;;;;;;;;;;;;;;;0.415752694;;;;;;;;;;;;;;;;;
750;;;;;;;;0;;;;;;0.101351351;;;;;;;;;;;;;;;;;;;0;;;;;;;0;;;;;;;;;;;;;;;;;;0.450760554;;;;;;;;;;;;;;;;;
755;;;;;;;;0.632996633;;;;;;0;;;;;;;;;;;;;;;;;;;0;;;;;;;0;;;;;;;;;;;;;;;;;;0.488469756;;;;;;;;;;;;;;;;;
760;;;;;;;;0;;;;;;;;;;;;;;;;;;;;;;;;;0;;;;;;;;;;;;;;;;;;;;;;;;;0.509332254;;;;;;;;;;;;;;;;;
765;;;;;;;;0.182724252;;;;;;;;;;;;;;;;;;;;;;;;;0;;;;;;;;;;;;;;;;;;;;;;;;;0.652096581;;;;;;;;;;;;;;;;;
770;;;;;;;;0.378289474;;;;;;;;;;;;;;;;;;;;;;;;;0;;;;;;;;;;;;;;;;;;;;;;;;;0.675632858;;;;;;;;;;;;;;;;;
775;;;;;;;;0.391025641;;;;;;;;;;;;;;;;;;;;;;;;;0;;;;;;;;;;;;;;;;;;;;;;;;;0.553116647;;;;;;;;;;;;;;;;;
780;;;;;;;;0.166666667;;;;;;;;;;;;;;;;;;;;;;;;;0;;;;;;;;;;;;;;;;;;;;;;;;;0.485369907;;;;;;;;;;;;;;;;;
785;;;;;;;;0.020338983;;;;;;;;;;;;;;;;;;;;;;;;;0;;;;;;;;;;;;;;;;;;;;;;;;;0.488682613;;;;;;;;;;;;;;;;;
790;;;;;;;;0;;;;;;;;;;;;;;;;;;;;;;;;;0;;;;;;;;;;;;;;;;;;;;;;;;;0.629756071;;;;;;;;;;;;;;;;;
795;;;;;;;;0;;;;;;;;;;;;;;;;;;;;;;;;;0;;;;;;;;;;;;;;;;;;;;;;;;;0.551420832;;;;;;;;;;;;;;;;;
800;;;;;;;;0.040268456;;;;;;;;;;;;;;;;;;;;;;;;;0;;;;;;;;;;;;;;;;;;;;;;;;;0.4663394;;;;;;;;;;;;;;;;;
805;;;;;;;;0;;;;;;;;;;;;;;;;;;;;;;;;;0;;;;;;;;;;;;;;;;;;;;;;;;;0.221824514;;;;;;;;;;;;;;;;;
810;;;;;;;;0;;;;;;;;;;;;;;;;;;;;;;;;;0;;;;;;;;;;;;;;;;;;;;;;;;;0.105286984;;;;;;;;;;;;;;;;;
