,seconds_interaction_window,group_type,group_name,TE,MG,1d_DG,BPM,blink_durations,G_OnSpeaker,No_G_OnSpeaker,G_SI,No_G_SI
0,0.0,dyad,dyad_01,0.6653012413727778,0.0067419825072886,0.11771137026239059,4.0,153.0,0.0670944087992667,0.8071494042163153,0.0230980751604033,0.0973418881759853
1,60.0,dyad,dyad_01,0.7564016672998147,0.0,0.0631006346328195,17.0,149.04166666666669,0.0126489459211732,0.8003666361136572,0.0170485792850595,0.1572868927589367
2,120.0,dyad,dyad_01,0.7194022237035185,0.0,0.051025966951153,17.5,134.63333333333333,0.0253025302530253,0.8184818481848185,0.0064173083975064,0.145031169783645
3,180.0,dyad,dyad_01,0.4568379909974074,0.0,0.0231800072437522,15.0,179.05172413793105,0.0,0.654628780934922,0.0062328139321723,0.3391384051329056
4,240.0,dyad,dyad_01,0.47048033683481477,0.0014492753623188,0.3052536231884058,15.5,162.29166666666669,0.2565089842317565,0.4952328566189952,0.0447378071140447,0.1956362302896956
5,300.0,dyad,dyad_01,0.18881292035129627,0.0,0.0245009074410163,13.5,170.26923076923077,0.0009165902841429,0.1363886342804766,0.0234647112740604,0.8392300641613198
6,360.0,dyad,dyad_01,0.6163157393103703,0.0,0.0607754733994589,21.5,138.9878048780488,0.0324532453245324,0.3877887788778877,0.0273193986065273,0.5524385771910525
7,420.0,dyad,dyad_01,0.5351825403335184,0.0,0.0053995680345572,16.0,158.81684188761196,0.0,0.4384967919340055,0.0053162236480293,0.5561869844179652
8,480.0,dyad,dyad_01,0.6146039312868519,0.0,0.0,18.5,150.50757575757575,0.0,0.9072240557389072,0.0,0.0927759442610927
9,540.0,dyad,dyad_01,0.6831318189003703,0.0,0.0674481514878268,14.0,214.16666666666663,0.0667277726856095,0.657378551787351,0.0003666361136571,0.2755270394133822
10,600.0,dyad,dyad_01,0.05683098799999999,0.0,0.0,16.5,136.21875,0.0,0.0,0.0,1.0
0,0.0,dyad,dyad_02,0.6428369568985185,0.0,0.2489953862181872,10.0,222.8131313131313,0.0,0.8284142988084326,0.0670944087992667,0.0837763519706691
1,60.0,dyad,dyad_02,0.3650428936862963,0.0,0.1402402402402402,38.0,221.72473867595815,0.0,0.4949587534372135,0.1090742438130155,0.3880843263061411
2,120.0,dyad,dyad_02,0.4728077392348148,0.0,0.061144578313253,53.5,250.3535067873303,0.0,0.6067106710671067,0.0185185185185185,0.3734873487348735
3,180.0,dyad,dyad_02,0.5964963300331482,0.0,0.2103772178321157,21.5,236.42105263157896,0.0,0.6958753437213565,0.0549954170485792,0.2491292392300641
4,240.0,dyad,dyad_02,0.042420084912962966,0.0,0.0686920083807243,35.0,232.1045751633987,0.0,0.3017968463513018,0.0454712137880454,0.6527319398606527
5,300.0,dyad,dyad_02,0.6775667611111111,0.0,0.1181736794986571,21.5,242.42980295566505,0.0,0.923373052245646,0.0027497708524289,0.0738771769019248
6,360.0,dyad,dyad_02,0.6320253237305555,0.0,0.3405895691609977,35.5,261.36367249602546,0.0,0.5850751741840851,0.2354235423542354,0.1787678767876787
7,420.0,dyad,dyad_02,0.0741452492911111,0.0,0.2252988349220759,24.5,247.6780701754386,0.0,0.5085242896425298,0.1360219981668194,0.3536205316223648
8,480.0,dyad,dyad_02,0.2041755428231562,0.0,0.2220828105395232,25.0,252.6875,0.0,0.1029874213836478,0.2224842767295597,0.6745283018867925
0,0.0,dyad,dyad_03,0.5719418438451852,0.9151708164447018,0.0662999420961203,15.0,170.39140271493213,0.5173235563703025,0.1956003666361136,0.2010999083409715,0.0
1,60.0,dyad,dyad_03,0.6863987248394444,0.7591220850480109,0.2065843621399176,32.5,173.71732954545456,0.5644362969752521,0.256461961503208,0.1393217231897341,0.0053162236480293
2,120.0,dyad,dyad_03,0.6588192471642593,0.6075637160865991,0.3107700739928747,32.5,190.165559772296,0.3606527319398606,0.3142647598093143,0.2486248624862486,0.0286028602860286
3,180.0,dyad,dyad_03,0.7072526435468519,0.5037200330669606,0.4240837696335078,34.5,189.70694444444445,0.5596700274977086,0.2335472043996333,0.1483043079743354,0.0331805682859761
4,240.0,dyad,dyad_03,0.5607152988988889,0.5683653578390421,0.3803954330270119,31.0,200.77192982456145,0.2911624495782912,0.3467180051338467,0.286028602860286,0.0067840117345067
5,300.0,dyad,dyad_03,0.22886961939333333,0.7684702004943696,0.21807195825322712,35.5,183.2403225806452,0.121173235563703,0.4078826764436297,0.4254812098991751,0.0012832263978001
6,360.0,dyad,dyad_03,0.68635295188,0.5071546505228398,0.39460649422124383,37.0,183.8150183150183,0.3061972863953062,0.3542354235423542,0.1738173817381738,0.0069673634030069
7,420.0,dyad,dyad_03,0.7041056225631481,0.6742341356673961,0.32002188183807445,37.5,186.2137733142037,0.4296975252062328,0.287442713107241,0.2225481209899175,0.0014665444546287
8,480.0,dyad,dyad_03,0.5191414493057407,0.5208275862068965,0.4579310344827586,35.0,185.77124183006532,0.2154382104877154,0.2667766776677668,0.4838650531719838,0.0139347268060139
9,540.0,dyad,dyad_03,0.46856713631759256,0.4207947740881873,0.4643440391943385,31.5,190.4092741935484,0.3138405132905591,0.2931255728689276,0.323006416131989,0.057378551787351
10,600.0,dyad,dyad_03,0.541780515982037,0.5358038450821956,0.348565059905266,30.0,170.8608597285068,0.4389438943894389,0.2709937660432709,0.1917858452511917,0.0438210487715438
11,660.0,dyad,dyad_03,0.6318823999483333,0.6653940550859013,0.2765203163348786,36.0,180.57585139318888,0.321444493981275,0.2612572447614801,0.3762817654926438,0.0216228265715559
0,0.0,dyad,dyad_04,0.5594342045077778,0.2447337278106509,0.4018934911242603,21.5,182.2586956521739,0.2172318973418881,0.46012832263978,0.1569202566452795,0.1239230064161319
1,60.0,dyad,dyad_04,0.8275196327603704,0.4055136663524976,0.4352026390197925,42.5,154.70833333333331,0.1376718606782768,0.6203483043079744,0.1664527956003666,0.0271310724106324
2,120.0,dyad,dyad_04,0.665950058175926,0.2139869888475836,0.4528345724907063,42.0,164.20238095238096,0.2011367803447011,0.5075174184085075,0.1598826549321599,0.1138613861386138
3,180.0,dyad,dyad_04,0.6035807997196296,0.1966488247614614,0.4538049802187572,42.5,166.42433481152997,0.1409715857011915,0.3924839596700274,0.2991750687442713,0.1666361136571952
4,240.0,dyad,dyad_04,0.5638440570812964,0.4074592074592074,0.3743589743589743,45.5,165.88502415458936,0.2504583791712504,0.5033003300330033,0.0969930326365969,0.1457645764576457
5,300.0,dyad,dyad_04,0.3479503820725926,0.2945990180032733,0.4355856909048397,40.5,167.91400491400492,0.1732355637030247,0.4755270394133822,0.2115490375802016,0.1222731439046746
6,360.0,dyad,dyad_04,0.7606783724985186,0.3919981498612396,0.3878353376503237,35.0,172.22916666666669,0.3331499816648332,0.4954162082874954,0.0738907224055738,0.0555555555555555
7,420.0,dyad,dyad_04,0.5912504397825926,0.1567164179104477,0.439132462686567,33.5,162.68214285714288,0.2021998166819431,0.4342804766269477,0.1838680109990834,0.1578368469294225
8,480.0,dyad,dyad_04,0.0352279984999999,0.496658216178843,0.3821156948605668,41.0,166.31160287081337,0.5141180784745141,0.2253392005867253,0.1052438577191052,0.0731573157315731
9,540.0,dyad,dyad_04,0.6285831785581482,0.1598871384904773,0.42652245473783207,36.5,155.1463963963964,0.0720439963336388,0.6885426214482127,0.0934922089825847,0.1257561869844179
10,600.0,dyad,dyad_04,0.7699189540505555,0.145,0.3021428571428571,31.5,180.4060606060606,0.1279794646131279,0.4686468646864686,0.0878254492115878,0.2895122845617895
0,0.0,dyad,dyad_05,0.2770905904501852,0.4669870455495194,0.4534057668198913,3.5,221.0,0.4031164069660861,0.4021998166819431,0.179468377635197,0.0091659028414298
1,60.0,dyad,dyad_05,0.6203680164214814,0.5657345575959933,0.3802170283806344,23.5,210.4209090909091,0.1160403299725022,0.6267644362969752,0.2337305224564619,0.0161319890009165
2,120.0,dyad,dyad_05,0.370154550812037,0.6598710214270855,0.3266070314125233,21.5,223.72261904761905,0.3793546021268794,0.2566923359002567,0.3564356435643564,0.0042170883755042
3,180.0,dyad,dyad_05,0.48173380277851846,0.8453073089700996,0.1407807308970099,18.5,243.00730994152048,0.4038496791934005,0.1983501374885426,0.3660861594867094,0.0071494042163153
4,240.0,dyad,dyad_05,0.37714248973611114,0.2331275720164609,0.37736625514403277,30.5,225.5297619047619,0.1483314998166483,0.5267693436010268,0.1708837550421708,0.154015401540154
5,300.0,dyad,dyad_05,0.5581679891648148,0.4586528497409326,0.5061139896373057,23.5,213.51296296296292,0.1048579285059578,0.7208065994500459,0.1587534372135655,0.0031164069660861
6,360.0,dyad,dyad_05,0.7357000587644444,0.5926464478604071,0.358953053593685,23.5,208.41035353535352,0.3241657499083241,0.4796479647964796,0.1545654565456545,0.0064173083975064
7,420.0,dyad,dyad_05,0.5996158505040741,0.7287380699893955,0.2676564156945917,26.5,219.39955357142856,0.2826764436296975,0.488359303391384,0.2164986251145738,0.0020164986251145
8,480.0,dyad,dyad_05,0.6733715139550001,0.7519280205655527,0.2433590402742073,27.5,203.78173374613004,0.7163549688302163,0.1591492482581591,0.068023469013568,0.0
9,540.0,dyad,dyad_05,0.08329835311166667,0.6156455374178503,0.3209667161331354,23.5,222.64559386973175,0.2630614115490375,0.3281393217231897,0.3609532538955087,0.0357470210815765
10,600.0,dyad,dyad_05,0.2721517037118518,0.4791137779829217,0.4498038310639279,25.0,220.9427083333333,0.0241835469202149,0.4754030591153369,0.4388176932616783,0.0599421248449772
0,0.0,dyad,dyad_06,0.702238226205,0.3635928143712575,0.5221556886227544,3.0,200.94000188715583,0.1470210815765353,0.6240146654445463,0.1717690192483959,0.0465627864344637
1,60.0,dyad,dyad_06,0.7955249921444445,0.4456443484521238,0.4838012958963282,20.5,190.1257575757576,0.2304307974335472,0.6740604949587534,0.0626947754353803,0.0153987167736022
2,120.0,dyad,dyad_06,0.73884079149,0.4730189596499757,0.4258629071463296,27.0,205.01785714285717,0.3549688302163549,0.5339200586725339,0.0927759442610927,0.0144847818115144
3,180.0,dyad,dyad_06,0.7556654744577778,0.1988883518608023,0.5198163363943934,24.0,197.08823529411765,0.0658111824014665,0.7616865261228231,0.0804766269477543,0.0815765352887259
4,240.0,dyad,dyad_06,0.7889203273566666,0.4265598446224812,0.4641903374605486,22.0,187.61979166666669,0.3173817381738174,0.5390539053905391,0.1254125412541254,0.0155848918225155
5,300.0,dyad,dyad_06,0.7943012550383334,0.326287657920311,0.5697278911564625,23.0,192.06306306306303,0.3030247479376718,0.6060494958753437,0.0837763519706691,0.0071494042163153
6,360.0,dyad,dyad_06,0.8322651205381482,0.4773990814599951,0.4921440657481265,27.0,209.9435897435897,0.1002933626696002,0.7909790979097909,0.1046938027136046,0.0
7,420.0,dyad,dyad_06,0.7142889121011111,0.3423704414587332,0.5227927063339731,33.5,204.85826210826207,0.0956920256645279,0.7107241063244729,0.1396883593033913,0.043263061411549
8,480.0,dyad,dyad_06,0.8107306441016667,0.5400241837968561,0.29093107617895997,29.0,209.49210903873745,0.6060856965431588,0.2067894845787621,0.1012212792382529,0.077830676878493
0,0.0,dyad,dyad_07,0.5313698801164815,0.2167650531286895,0.5034238488783943,28.0,158.69375,0.2051329055912007,0.4962419798350137,0.2179651695692025,0.0806599450045829
1,60.0,dyad,dyad_07,0.4367367739218519,0.1849859681945743,0.501403180542563,29.0,169.32230392156862,0.1041246562786434,0.5017415215398717,0.2507791017415215,0.1433547204399633
2,120.0,dyad,dyad_07,0.18415956052462962,0.2770286255027206,0.5119470073338064,37.5,158.72606382978722,0.1435643564356435,0.4310597726439311,0.3272827282728273,0.0914924825815915
3,180.0,dyad,dyad_07,0.4182101142407408,0.2559735036669032,0.5268511947007333,34.0,167.50980392156862,0.1569202566452795,0.5820348304307974,0.2351970669110907,0.0251145737855178
4,240.0,dyad,dyad_07,0.773759045094074,0.11857243484386,0.6085935665649213,35.5,181.0408163265306,0.0346534653465346,0.6543821048771544,0.1965529886321965,0.0885588558855885
5,300.0,dyad,dyad_07,0.7764818590005556,0.077141504969238,0.663984855655466,31.0,185.40425531914892,0.0922089825847846,0.6630614115490375,0.166269477543538,0.0784601283226397
6,360.0,dyad,dyad_07,0.6649223658579629,0.0859301227573182,0.4282341831916901,33.5,169.7390350877193,0.167033370003667,0.517968463513018,0.1343967730106344,0.1806013934726806
7,420.0,dyad,dyad_07,0.4202709347538889,0.1585851487467791,0.503396579995315,30.5,179.04166666666669,0.0507791017415215,0.6898258478460129,0.1094408799266727,0.1453712190650779
8,480.0,dyad,dyad_07,0.6044744077594445,0.1378100140383715,0.551240056153486,34.5,185.76994906621397,0.0166850018335166,0.5773744041070774,0.2643931059772644,0.1314631463146314
9,540.0,dyad,dyad_07,0.7136651387516667,0.1997187060478199,0.5358649789029536,26.0,187.5287081339713,0.102474793767186,0.6936755270394134,0.1270394133822181,0.0768102658111824
10,600.0,dyad,dyad_07,0.7327172783701852,0.202193475815523,0.5210911136107986,27.0,183.75,0.0117376881857616,0.731819341668793,0.179127328400102,0.0773156417453432
0,0.0,dyad,dyad_08,0.013232458484885738,0.0,0.1811217510259918,11.5,205.325,0.1156736938588451,0.6370302474793768,0.0285976168652612,0.2080659945004583
1,60.0,dyad,dyad_08,0.3820049545213945,0.0,0.2342465753424657,41.0,170.45905172413794,0.0669110907424381,0.6192483959670028,0.0810265811182401,0.2229147571035747
2,120.0,dyad,dyad_08,0.39925716110220966,0.0,0.1214128035320088,48.5,193.7458455522972,0.0674734140080674,0.5504217088375504,0.054088742207554,0.328016134946828
3,180.0,dyad,dyad_08,0.3230718886528228,0.0,0.2691029900332226,46.5,196.79936854190584,0.0309807516040329,0.6753437213565536,0.0489459211732355,0.2340971585701191
4,240.0,dyad,dyad_08,0.22514365061688488,0.0,0.1727247881934955,52.5,183.6963383838384,0.0196186285295196,0.6758342500916759,0.039053905390539,0.2654932159882655
5,300.0,dyad,dyad_08,0.5419097192554723,0.0,0.1797045951859956,45.0,178.07217058501914,0.0458295142071494,0.4942254812098992,0.0903758020164986,0.3668194317140238
6,360.0,dyad,dyad_08,0.7966520384933536,0.003800217155266,0.2144408251900108,42.5,175.27833333333334,0.0289695636230289,0.7095709570957096,0.0212687935460212,0.2361569490282361
7,420.0,dyad,dyad_08,0.41214062232846843,0.0,0.3514919244456611,38.0,166.16750841750843,0.0401466544454628,0.7197066911090743,0.0722273143904674,0.1571035747021081
8,480.0,dyad,dyad_08,0.32823250186503455,0.0,0.1722054380664652,43.5,181.0664335664336,0.0265859919325265,0.6178951228456179,0.0766409974330766,0.2709937660432709
9,540.0,dyad,dyad_08,0.5636723226395646,0.0,0.4042730299667036,37.5,187.1593137254902,0.2654445462878093,0.4053162236480293,0.1266727772685609,0.1904674610449129
10,600.0,dyad,dyad_08,0.27321882708341366,0.0,0.3652777777777777,38.5,182.4591836734694,0.1188118811881188,0.3868720205353869,0.1587825449211587,0.3355335533553355
11,660.0,dyad,dyad_08,0.568411860251513,0.0,0.6029741863075196,48.0,164.22916666666669,0.198166819431714,0.3946837763519706,0.2031164069660861,0.1853345554537122
12,720.0,dyad,dyad_08,0.32453377887821483,0.0,0.300388672959467,45.0,171.3888888888889,0.107057745187901,0.4934922089825848,0.117506874427131,0.2284142988084326
13,780.0,dyad,dyad_08,0.4738988895511123,0.0,0.0323827936201063,35.5,159.5921985815603,0.0336477987421383,0.6361635220125786,0.0,0.3050314465408805
0,0.0,dyad,dyad_09,0.002236365,0.0020093770931011,0.1363027461486939,7.0,170.46153846153845,0.0023831347387717,0.3437213565536205,0.0317140238313473,0.6194317140238313
1,60.0,dyad,dyad_09,0.002236365,0.0023163467902051,0.1681005956320317,11.0,180.90350877192984,0.0208982584784601,0.1961503208065994,0.0498625114573785,0.7330889092575619
2,120.0,dyad,dyad_09,0.03169295713580255,0.0,0.0395874916833,9.5,153.0,0.0,0.0894756142280894,0.0253025302530253,0.8852218555188852
3,180.0,dyad,dyad_09,0.03156759311795128,0.0108516935218678,0.14534692535350202,8.5,136.0,0.0179651695692025,0.2243813015582035,0.0722273143904674,0.6854262144821265
4,240.0,dyad,dyad_09,0.14636446867084776,0.0455136540962288,0.19245773732119628,19.0,177.8148148148148,0.0,0.224055738907224,0.085075174184085,0.6822515584891823
5,300.0,dyad,dyad_09,0.10928426485272871,0.0146914789422135,0.7682011100228534,27.0,173.5595238095238,0.0014665444546287,0.6977085242896426,0.1761686526122823,0.1226397800183318
6,360.0,dyad,dyad_09,0.02745435341758397,0.0,0.3733638743455497,14.0,179.85652173913044,0.0,0.6081774844151082,0.0993766043270993,0.2810781078107811
7,420.0,dyad,dyad_09,0.1641147523432848,0.0935730935730935,0.224109224109224,20.5,157.72777777777776,0.0027497708524289,0.661044912923923,0.0373968835930339,0.2889092575618698
8,480.0,dyad,dyad_09,0.025328989882419793,0.0961030383091149,0.30383091149273445,15.5,183.30059523809524,0.0324532453245324,0.5707737440410707,0.055005500550055,0.3305830583058305
9,540.0,dyad,dyad_09,0.4851105049795926,0.0,0.3511400651465797,10.5,172.44736842105263,0.0,0.3310117302052786,0.3192815249266862,0.3497067448680352
0,0.0,dyad,dyad_10,0.01298815,0.0109066121336059,0.2907293796864348,31.5,212.47619047619048,0.0749770852428964,0.5818515123739688,0.0821264894592117,0.2443629697525206
1,60.0,dyad,dyad_10,0.04656972918019516,0.0145960624575695,0.2790224032586557,26.0,212.55769230769232,0.0230980751604033,0.596333638863428,0.13987167736022,0.2379468377635197
2,120.0,dyad,dyad_10,0.2676051187821804,0.0295126973232669,0.36376115305422096,30.5,230.16344086021505,0.039053905390539,0.4602126879354602,0.1679501283461679,0.3188485515218188
3,180.0,dyad,dyad_10,0.5198415178267359,0.1610024030209406,0.43220048060418803,14.5,183.44473684210527,0.0593950504124656,0.2837763519706691,0.4155820348304308,0.2324472960586617
4,240.0,dyad,dyad_10,0.4538628804533937,0.003110957483581,0.3784998271690287,32.0,224.86453201970443,0.044004400440044,0.6448478181151448,0.0443711037770443,0.2535753575357535
5,300.0,dyad,dyad_10,0.4430213551831641,0.0074047954866008,0.0514809590973201,17.0,194.8102766798419,0.0003666361136571,0.1349220898258478,0.0493125572868927,0.8153987167736022
6,360.0,dyad,dyad_10,0.0053094073401735,0.1208333333333333,0.1856481481481481,9.5,209.85833333333332,0.0,0.2663902565431459,0.1124643690075149,0.6211453744493393
0,0.0,dyad,dyad_11,0.12123061373406609,0.0,0.0150712830957229,16.5,163.54545454545456,0.0,0.8012832263978001,0.0040329972502291,0.1946837763519706
1,60.0,dyad,dyad_11,0.6081108240459936,0.0,0.0002049180327868,26.0,184.7902711323764,0.0,0.7068744271310724,0.0,0.288359303391384
2,120.0,dyad,dyad_11,0.3889345559179119,0.0,0.0,30.0,199.62857142857143,0.0,0.8027136046938027,0.0,0.1972863953061973
3,180.0,dyad,dyad_11,0.7043971079190375,0.0,0.0201915070774354,28.0,189.4583333333333,0.0,0.8560953253895509,0.0,0.1385884509624197
4,240.0,dyad,dyad_11,0.5508797996781094,0.0,0.0246023329798515,24.0,187.66161616161617,0.0,0.8496516318298496,0.0022002200220022,0.1433810047671433
5,300.0,dyad,dyad_11,0.5694336748584578,0.0,0.0010438413361169,26.5,179.96959459459458,0.0,0.6907424381301558,0.0,0.3085242896425298
6,360.0,dyad,dyad_11,0.40244750787433053,0.0,0.0348174720405148,27.5,189.58258258258255,0.0,0.885955262192886,0.0,0.114044737807114
7,420.0,dyad,dyad_11,0.41920067175979353,0.0,0.0339124973832949,31.5,166.11105263157896,0.0,0.8725939505041247,0.0032997250229147,0.1241063244729605
8,480.0,dyad,dyad_11,0.4575463935004832,0.0046073298429319,0.054240837696335,27.0,174.22607879924954,0.0044158233670653,0.4042318307267709,0.024655013799448,0.5666973321067157
0,0.0,triad,triad_01,0.6129412266457407,0.3160387070207946,0.5101914762198887,22.0,144.03214285714284,0.3171402383134739,0.4045829514207149,0.2340971585701191,0.044179651695692
1,60.0,triad,triad_01,0.024201350360740687,0.0709117221418233,0.4577217283440147,13.666666666666666,169.94444444444443,0.0399633363886342,0.3732355637030247,0.2815765352887259,0.2898258478460128
2,120.0,triad,triad_01,0.6296759165898148,0.051229084899813995,0.4734558975418301,27.333333333333332,176.70074224021593,0.0834250091675834,0.5573890722405573,0.2198386505317198,0.1345801246791345
3,180.0,triad,triad_01,0.43267331965703704,0.1467946100449162,0.6049407921600651,19.333333333333332,178.49305555555554,0.1770852428964253,0.5825847846012833,0.1593033913840513,0.0623281393217231
4,240.0,triad,triad_01,0.723915297829074,0.1598604555715164,0.7252206033244407,32.666666666666664,168.67905875800614,0.4211587825449212,0.2598093142647598,0.2676934360102677,0.0507884121745507
5,300.0,triad,triad_01,0.43401630274740743,0.025420254202542,0.6955719557195571,32.0,182.6485780488338,0.5200733272227315,0.323923006416132,0.1418881759853345,0.0133822181484876
6,360.0,triad,triad_01,0.448309450709074,0.10339157245632061,0.6898252826310378,23.0,178.25820707070707,0.1798679867986798,0.414008067473414,0.290979097909791,0.1151448478181151
7,420.0,triad,triad_01,0.019937530950925837,0.0863131935881626,0.4167694204685572,10.0,142.9,0.0584784601283226,0.3957836846929422,0.2702108157653529,0.274243813015582
8,480.0,triad,triad_01,0.024091606628703705,0.132364810330912,0.6660613397901531,18.0,177.6941176470588,0.0,0.4732306563989732,0.3888888888888889,0.1378804547121379
9,540.0,triad,triad_01,0.035213487258703685,0.0499999999999999,0.5726530612244896,16.333333333333332,148.61216931216933,0.0412465627864344,0.2667277726856095,0.3915673693858845,0.2905591200733272
10,600.0,triad,triad_01,0.6699815460238889,0.250565727216622,0.5558527052046903,39.0,174.5020757020757,0.0,0.6730839750641731,0.2299229922992299,0.0969930326365969
11,660.0,triad,triad_01,0.6386615844905555,0.3093167701863354,0.6374741200828156,35.666666666666664,165.2658041958042,0.3035747021081577,0.3668194317140238,0.319340054995417,0.0102658111824014
12,720.0,triad,triad_01,0.32695114584769963,0.0910165484633569,0.40780141843971607,24.333333333333332,170.8318478906714,0.0,0.3233752620545073,0.2730607966457023,0.4035639412997903
0,0.0,triad,triad_03,0.45743992715870374,0.0081888246628131,0.0992292870905587,4.0,199.5,0.0251145737855178,0.7488542621448213,0.0194317140238313,0.1725022914757103
1,60.0,triad,triad_03,0.6374913114455555,0.0,0.1104720824346992,22.666666666666668,178.0815295815296,0.0,0.8659945004582952,0.0093492208982584,0.0885426214482126
2,120.0,triad,triad_03,0.4774861543968518,0.0213333333333333,0.3107878787878787,23.666666666666668,183.40486633249796,0.0704070407040704,0.7726439310597727,0.0579391272460579,0.0962596259625962
3,180.0,triad,triad_03,0.600630786287037,0.0,0.0641957364341085,18.0,167.24444444444444,0.0,0.7783684692942254,0.0252978918423464,0.1818515123739688
4,240.0,triad,triad_03,0.198906224785,0.0,0.0844076866942349,17.0,182.3269230769231,0.0247524752475247,0.4092409240924092,0.028052805280528,0.5353868720205354
5,300.0,triad,triad_03,0.3010807563362963,0.0,0.1273209549071618,23.0,167.17283950617283,0.0,0.8307974335472044,0.0527956003666361,0.1136571952337305
6,360.0,triad,triad_03,0.6120167224542592,0.0,0.0851941747572815,21.666666666666668,177.7289855072464,0.0,0.9352768610194352,0.0,0.044004400440044
7,420.0,triad,triad_03,0.3607142621268518,0.0004761904761904,0.168095238095238,20.0,192.42458521870287,0.026397800183318,0.7712190650779102,0.0361136571952337,0.1637030247479376
8,480.0,triad,triad_03,0.3126630141568518,0.0,0.1014527845036319,21.666666666666668,191.96960784313725,0.0038503850385038,0.7779611294462779,0.0132013201320132,0.1688668866886688
9,540.0,triad,triad_03,0.4995184615459259,0.0,0.0725612686208553,20.0,180.05952380952382,0.0012832263978001,0.8126489459211732,0.0078826764436296,0.1774518790100825
10,600.0,triad,triad_03,0.41040564839955607,0.0,0.1482014388489208,20.333333333333332,202.3836206896552,0.0737073707370737,0.7007700770077008,0.0297029702970297,0.1837183718371837
0,0.0,triad,triad_04,0.587754040172037,0.0,0.4668842388174313,4.333333333333333,139.55555555555557,0.0,0.6753437213565536,0.0544454628780934,0.2702108157653529
1,60.0,triad,triad_04,0.5082362079842592,0.038381937911571,0.3279397930385699,13.0,173.03333333333333,0.0461961503208066,0.7384051329055912,0.0837763519706691,0.1316223648029331
2,120.0,triad,triad_04,0.5461701915353703,0.017870302137067,0.3756448047162858,12.666666666666666,139.17916666666667,0.1996699669966996,0.766043270993766,0.0188852218555188,0.01008434176751
3,180.0,triad,triad_04,0.5952032395605555,0.0026345502446368,0.1605193827625141,11.0,148.7485380116959,0.0815765352887259,0.7252062328139322,0.0060494958753437,0.1846012832263978
4,240.0,triad,triad_04,0.6801267356266667,0.0136632200886262,0.22193500738552419,9.666666666666666,143.25054466230938,0.0,0.9305097176384304,0.0181518151815181,0.0513384671800513
5,300.0,triad,triad_04,0.7105741674316667,0.0168823860438941,0.4693303320202588,9.0,163.06709956709958,0.293858845096242,0.5882676443629697,0.0436296975252062,0.0709440879926672
6,360.0,triad,triad_04,0.26734163462888894,0.0,0.1209818819403857,10.0,145.6686507936508,0.0207187385405207,0.4416941694169417,0.0529886321965529,0.482031536486982
7,420.0,triad,triad_04,0.7437207930183334,0.0041766109785202,0.14956245027844062,17.0,178.3246031746032,0.0,0.7072410632447296,0.0335472043996333,0.259211732355637
8,480.0,triad,triad_04,0.3286746984090741,0.0084115805946791,0.32766040688575887,11.0,153.69844965958322,0.0,0.5337367070040338,0.0804913824715805,0.3857719105243857
9,540.0,triad,triad_04,0.6131831729546297,0.0072279742137135,0.2834537995702285,11.666666666666666,153.69844965958322,0.0205316223648029,0.6691109074243813,0.0689275893675527,0.2383134738771769
10,600.0,triad,triad_04,0.30678566044407407,0.0499246420497361,0.2744913338357195,13.333333333333334,164.38888888888889,0.1037770443711037,0.5539053905390539,0.149064906490649,0.1932526585991932
11,660.0,triad,triad_04,0.782115099143889,0.0,0.0176157312576812,13.0,141.768115942029,0.0,0.9017415215398716,0.0016498625114573,0.0933088909257561
0,0.0,triad,triad_05,0.18009753597038625,0.08504098360655729,0.6582991803278687,5.0,150.30555555555554,0.0362969752520623,0.7890009165902842,0.1283226397800183,0.0324472960586617
1,60.0,triad,triad_05,0.3275503079509503,0.028032619775739,0.7477064220183485,27.333333333333332,168.58899868247696,0.4036663611365719,0.5290559120073327,0.0549954170485792,0.0097158570119156
2,120.0,triad,triad_05,0.33093284633989956,0.0765306122448978,0.7727040816326529,38.333333333333336,177.2839685420448,0.3628529519618628,0.5762742940960762,0.0443711037770443,0.0084341767510084
3,180.0,triad,triad_05,0.5381712694529103,0.046620046620046596,0.6130536130536128,32.0,178.6805180359129,0.1855178735105407,0.7349220898258478,0.0461961503208066,0.0194317140238313
4,240.0,triad,triad_05,0.4442771263958488,0.021119592875318,0.37048346055979636,33.666666666666664,168.73543417366946,0.0071507150715071,0.8579024569123579,0.0498716538320498,0.0727906123945728
5,300.0,triad,triad_05,0.5962729629267237,0.10689388071262579,0.6697650400206556,28.333333333333332,164.15695203400122,0.2403299725022915,0.6458295142071494,0.0835930339138405,0.0302474793767186
6,360.0,triad,triad_05,0.6096469343069904,0.0300284752782811,0.7721977737509705,29.666666666666668,168.53174603174602,0.063072973964063,0.7499083241657499,0.1237623762376237,0.0632563256325632
7,420.0,triad,triad_05,0.5110454858362525,0.024127310061601598,0.6242299794661189,24.333333333333332,168.17728758169935,0.1308890925756187,0.7459211732355637,0.0590284142988084,0.03006416131989
8,480.0,triad,triad_05,0.41328734549275414,0.0189708939708939,0.7162162162162162,29.666666666666668,159.70833333333334,0.209020902090209,0.6387972130546388,0.088008800880088,0.0495049504950495
9,540.0,triad,triad_05,0.29699019474682004,0.1021408305390765,0.4758834150116069,26.0,166.91174603174602,0.1838680109990834,0.7085242896425298,0.07057745187901,0.029147571035747
10,600.0,triad,triad_05,0.23955977691200683,0.0070093457943925,0.4232866043613706,29.666666666666668,173.3554292929293,0.0,0.7794279427942794,0.0954345434543454,0.1091859185918591
0,0.0,triad,triad_06,0.003142593897933028,0.0132743362831857,0.658462389380531,7.333333333333333,194.0,0.0,0.8645279560036664,0.0804766269477543,0.0549954170485792
1,60.0,triad,triad_06,0.5563212829171182,0.0076754385964912,0.5049342105263156,15.666666666666666,183.786231884058,0.0698441796516956,0.8001833180568286,0.0658111824014665,0.0641613198900091
2,120.0,triad,triad_06,0.6522624352357054,0.0709927897947864,0.6089850249584025,10.666666666666666,171.86805555555554,0.2959295929592959,0.5848918225155849,0.0551888522185551,0.0619728639530619
3,180.0,triad,triad_06,0.6389191439974986,0.0076901950013732,0.5146937654490523,13.666666666666666,184.2506313131313,0.0009165902841429,0.7660861594867094,0.1330889092575618,0.0973418881759853
4,240.0,triad,triad_06,0.7099123594443043,0.12104689203925839,0.4381134133042529,12.666666666666666,173.63888888888889,0.2055372203887055,0.6525485881921526,0.0751741840850751,0.0667400073340667
5,300.0,triad,triad_06,0.5800936742362932,0.0524017467248908,0.49181222707423566,15.666666666666666,182.00643939393944,0.0298808432630614,0.7396883593033914,0.1129239230064161,0.117506874427131
6,360.0,triad,triad_06,0.6689775605945101,0.027599665458600403,0.46222470030666274,18.0,182.64652014652012,0.0,0.6004767143381005,0.1734506784011734,0.2235056839017235
7,420.0,triad,triad_06,0.6483707701882001,0.0088716384807318,0.3654006099251454,17.333333333333332,189.9808590102708,0.0634280476626947,0.8194317140238313,0.0419798350137488,0.0744271310724106
8,480.0,triad,triad_06,0.6396569041546092,0.0603543743078626,0.5315614617940198,18.333333333333332,176.39434523809527,0.0,0.7878621195452878,0.1305463879721305,0.0815914924825815
9,540.0,triad,triad_06,0.7275443868423295,0.0074833702882482,0.3880266075388026,16.666666666666668,180.69612794612797,0.1569202566452795,0.6839596700274977,0.072410632447296,0.0813932172318973
10,600.0,triad,triad_06,0.19008077652147065,0.0217233888486603,0.20275162925416348,13.0,181.92680993765873,0.0129186602870813,0.5354066985645933,0.1076555023923445,0.3440191387559808
0,0.0,triad,triad_07,8.6014e-05,0.0067944673622907,0.2521232710507157,8.333333333333334,189.34632034632037,0.0098991750687442,0.830980751604033,0.0344637946837763,0.122089825847846
1,60.0,triad,triad_07,0.0035292492093560363,0.0229226361031518,0.244269340974212,13.0,189.12843137254904,0.0218148487626031,0.847846012832264,0.0166819431714023,0.1065077910174152
2,120.0,triad,triad_07,0.34158426086747,0.0069829039248735,0.1760173368649169,11.0,175.02564102564102,0.0,0.5694902823615695,0.0058672533920058,0.4246424642464246
3,180.0,triad,triad_07,0.2911788050269839,0.0,0.1519961519961519,9.666666666666666,173.56736596736596,0.0152153987167736,0.8091659028414299,0.0362969752520623,0.1264894592117323
4,240.0,triad,triad_07,0.5277256044531524,0.0,0.104556354916067,9.333333333333334,199.1282051282052,0.0,0.7764943160982765,0.0071507150715071,0.1923359002566923
5,300.0,triad,triad_07,0.17632106086993066,0.0,0.0057210965435041,5.333333333333333,182.6555555555556,0.0,0.0559120073327222,0.0062328139321723,0.9378551787351054
6,360.0,triad,triad_07,0.5612689922416498,0.0,0.0758454106280193,6.333333333333333,208.3904761904762,0.0,0.2959295929592959,0.0595892922625595,0.6417308397506417
7,420.0,triad,triad_07,0.5251781688615493,0.0,0.059396299902629,1.3333333333333333,168.66666666666666,0.0,0.0,0.0601614086573734,0.9398385913426266
0,0.0,triad,triad_08,0.015138500000000001,0.055504727050930104,0.43336383043610827,17.666666666666668,199.37797619047615,0.0632447296058661,0.521173235563703,0.1906507791017415,0.2201649862511457
1,60.0,triad,triad_08,0.02243812373690528,0.20693890082898359,0.6297206017807797,21.666666666666668,190.9802631578948,0.0306141154903758,0.4991750687442713,0.3648029330889092,0.1035747021081576
2,120.0,triad,triad_08,0.43796791905989857,0.0353120243531201,0.2809741248097411,12.333333333333334,165.89054083171732,0.0203520352035203,0.3668866886688668,0.1375137513751375,0.4514118078474514
3,180.0,triad,triad_08,0.0060815931837536925,0.0061462814996926,0.2627535341118622,9.666666666666666,166.09126984126985,0.0,0.5578368469294226,0.1092575618698441,0.3329055912007332
4,240.0,triad,triad_08,0.0055942607186828,0.0440906307409674,0.3505817513778321,9.666666666666666,190.2952380952381,0.0,0.5555555555555556,0.1822515584891822,0.2607260726072607
5,300.0,triad,triad_08,0.018069853743042423,0.0096243402669978,0.215771499534306,8.0,188.7724867724868,0.0485792850595783,0.3802016498625115,0.1272227314390467,0.427314390467461
6,360.0,triad,triad_08,0.0074597583401735,0.0,0.0999057492931197,6.333333333333333,165.73888888888888,0.0,0.3456246560264172,0.0594386351128233,0.5410016510731975
0,0.0,triad,triad_09,0.01298815,0.24102393617021273,0.5355718085106381,8.666666666666666,173.70238095238096,0.028230980751604,0.6667277726856096,0.168102658111824,0.1303391384051329
1,60.0,triad,triad_09,0.022944250808043288,0.34243837441705527,0.5259826782145236,22.666666666666668,193.73853955375253,0.5501374885426215,0.2940421631530706,0.1321723189734188,0.0175985334555453
2,120.0,triad,triad_09,0.3768777165375366,0.11987911349899251,0.5486903962390866,27.0,206.77167060677695,0.1815181518151815,0.5883755042170884,0.1310964429776311,0.0729739640630729
3,180.0,triad,triad_09,0.5845808331748339,0.253925826929502,0.6130972268626793,24.0,189.3411435307987,0.2295142071494042,0.5965169569202566,0.1195233730522456,0.0265811182401466
4,240.0,triad,triad_09,0.5476615457037588,0.1606657608695651,0.6127717391304347,28.666666666666668,211.33152578415735,0.3558855885588559,0.4911991199119912,0.0836083608360836,0.0465713237990465
5,300.0,triad,triad_09,0.4640103490199581,0.2482482482482481,0.5612278945612279,28.0,207.09851953601955,0.1732355637030247,0.6144821264894592,0.1264894592117323,0.0326306141154903
6,360.0,triad,triad_09,0.7262049264796583,0.1149078726968174,0.6180904522613064,28.666666666666668,209.7063492063492,0.2246057939127246,0.5339200586725339,0.1228456178951228,0.0797579757975797
7,420.0,triad,triad_09,0.6616240626553508,0.0709491850431446,0.682646212847555,15.666666666666666,194.6957671957672,0.0,0.6055718475073314,0.2397360703812316,0.1546920821114369
0,0.0,triad,triad_02,0.06655894411907406,0.0076563164610803,0.4004678860059547,6.0,169.7222222222222,0.0,0.087442713107241,0.3576535288725939,0.554903758020165
1,60.0,triad,triad_02,0.49510707743444443,0.0326132994493857,0.3138500635324014,18.0,195.7,0.1074243813015582,0.72025664527956,0.0896425297891842,0.0826764436296975
2,120.0,triad,triad_02,0.749580078947963,0.0044266441821247,0.2145868465430016,23.666666666666668,171.61141304347825,0.0038503850385038,0.8723872387238724,0.0311697836450311,0.0925925925925925
3,180.0,triad,triad_02,0.7267922522431481,0.0084656084656084,0.2213756613756613,18.333333333333332,178.3968253968254,0.0219981668194317,0.8531622364802933,0.0247479376718606,0.1000916590284143
4,240.0,triad,triad_02,0.7660935050377778,0.006785411365564,0.3536895674300254,23.0,188.34059549745825,0.0889255592225889,0.8456178951228456,0.0034836817015034,0.0619728639530619
5,300.0,triad,triad_02,0.7514530831690741,0.0008319467554076,0.3015806988352745,21.0,187.0962962962963,0.0058661778185151,0.8603116406966086,0.0342804766269477,0.0969752520623281
6,360.0,triad,triad_02,0.7326625871455555,0.0040092846592108,0.38109305760709,19.0,190.1192621192621,0.1349468280161349,0.6894022735606894,0.0933259992665933,0.0735240190685735
7,420.0,triad,triad_02,0.5677438886598148,0.0036072144288577,0.1555110220440881,16.666666666666668,182.7954415954416,0.0,0.8990984743411928,0.0159500693481276,0.0849514563106796
0,0.0,triad,triad_11,0.28107839593096756,0.0647249190938511,0.8928802588996763,9.333333333333334,155.10690235690234,0.3941338221814848,0.3956003666361136,0.1924839596700275,0.0045829514207149
1,60.0,triad,triad_11,0.45136274559045897,0.0068248293792654005,0.9522261943451413,26.666666666666668,164.5810825647782,0.4725939505041246,0.3994500458295142,0.1222731439046746,0.0056828597616865
2,120.0,triad,triad_11,0.45631532529403673,0.036434612882237996,0.9362394274560831,22.333333333333332,180.74158249158248,0.4347268060139347,0.3146314631463146,0.2458745874587458,0.0
3,180.0,triad,triad_11,0.36415314028657275,0.056466302367941604,0.7519125683060108,25.666666666666668,181.14135802469136,0.0012404382881951,0.7545999586520571,0.189993797808559,0.0512714492454
0,0.0,triad,triad_10,0.1552513495748417,0.0161702127659574,0.35886524822695026,2.0,138.16666666666666,0.0,0.7748854262144821,0.0480293308890925,0.152153987167736
1,60.0,triad,triad_10,0.6275088705642055,0.0192535545023695,0.3886255924170615,16.0,170.648315736551,0.0370302474793767,0.5648029330889093,0.1290559120073327,0.2691109074243813
2,120.0,triad,triad_10,0.4706765402120062,0.0148003351019268,0.5523596760681372,16.333333333333332,170.4017857142857,0.0682068206820682,0.4708470847084708,0.2192885955262193,0.2416574990832416
3,180.0,triad,triad_10,0.4449247345845046,0.0162921348314606,0.4070224719101123,18.666666666666668,177.95875959079285,0.0377635197066911,0.3798350137488542,0.211365719523373,0.3483043079743355
4,240.0,triad,triad_10,0.20160723971934752,0.0218830981860063,0.44716383530089254,19.0,177.40159221583372,0.0715071507150715,0.1217455078841217,0.3467180051338467,0.46002933626696
5,300.0,triad,triad_10,0.42063288888663947,0.0377035132819193,0.4750071408169094,14.333333333333334,182.8513888888889,0.0630614115490375,0.6845096241979834,0.133455545371219,0.1189734188817598
6,360.0,triad,triad_10,0.0058791180971923,0.005743000717875,0.3826274228284277,18.333333333333332,148.95315904139434,0.0,0.62926944971537,0.1136148007590132,0.2571157495256167
0,0.0,triad,triad_14,0.03661017290845843,0.0,0.30229917683792223,2.0,195.5,0.0,0.6692942254812099,0.1171402383134738,0.1563703024747937
1,60.0,triad,triad_14,0.33374517873079734,0.0,0.0346099290780141,17.333333333333332,173.12242002063985,0.0,0.9160403299725024,0.0064161319890009,0.0663611365719523
2,120.0,triad,triad_14,0.5248286343460817,0.0,0.0289525972182798,21.333333333333332,178.60208866155156,0.0,0.8463513017968464,0.0005500550055005,0.1314631463146314
3,180.0,triad,triad_14,0.4933380780147883,0.0,0.0289361702127659,15.333333333333334,167.7013888888889,0.0,0.9065077910174152,0.0034830430797433,0.0648945921173235
4,240.0,triad,triad_14,0.46397337587020676,0.0,0.0229656932237028,16.0,162.3962962962963,0.0,0.7376237623762376,0.0012834616795012,0.2491749174917491
5,300.0,triad,triad_14,0.47902171560447887,0.0,0.0547207258293166,21.0,173.79944960440318,0.0,0.8201649862511458,0.0007332722273143,0.1637030247479376
6,360.0,triad,triad_14,0.6664907300493088,0.0,0.0998298355076574,26.333333333333332,182.87194548872185,0.0036670333700036,0.8887055372203887,0.0201686835350201,0.0834250091675834
7,420.0,triad,triad_14,0.6883182411986705,0.0,0.0314893617021276,21.666666666666668,181.11203703703703,0.0,0.8724106324472961,0.0075160403299725,0.1120073327222731
8,480.0,triad,triad_14,0.4026338721056633,0.0,0.0,17.333333333333332,164.29345238095237,0.0,0.5894756142280895,0.0,0.4085075174184085
9,540.0,triad,triad_14,0.6230631165741809,0.0,0.0,17.333333333333332,177.03748006379587,0.0,0.5925925925925926,0.0,0.4074074074074074
0,0.0,triad,triad_12,0.12538490421180254,0.0172147428823659,0.3453983668064445,12.0,191.45555555555555,0.0091659028414298,0.8676443629697526,0.0049495875343721,0.1156736938588451
1,60.0,triad,triad_12,0.5176704600572315,0.0,0.2118009687362395,21.0,186.003003003003,0.0,0.8306141154903758,0.0053162236480293,0.1613198900091659
2,120.0,triad,triad_12,0.23967204905476833,0.00220361392684,0.382327016306743,19.666666666666668,193.86361283643893,0.0141180784745141,0.8241657499083241,0.1035936927026035,0.0383204987165383
3,180.0,triad,triad_12,0.5519335909932931,0.0063208369659982,0.4006102877070618,22.333333333333332,197.47331691297208,0.0,0.9391384051329056,0.0201649862511457,0.0326306141154903
4,240.0,triad,triad_12,0.2642381941331393,0.0268781669971359,0.5194976867151354,19.666666666666668,195.77546296296296,0.1675834250091676,0.7618261826182618,0.0328199486615328,0.0372203887055372
5,300.0,triad,triad_12,0.6241960793766899,0.0066889632107023,0.46889632107023393,22.0,206.4681254418097,0.0843263061411549,0.8661778185151238,0.008615948670944,0.0403299725022914
6,360.0,triad,triad_12,0.5470453316914535,0.0116853932584269,0.17168539325842688,24.0,194.2063492063492,0.0245691235790245,0.8491015768243491,0.0287862119545287,0.0913091309130913
7,420.0,triad,triad_12,0.6721890913574986,0.0086694308330192,0.1556728232189972,24.0,203.5956625074272,0.0,0.6633070866141733,0.066771653543307,0.2699212598425197
0,0.0,triad,triad_13,0.04522507389109564,0.0603579011222322,0.5962996663633604,10.666666666666666,150.7979797979798,0.0298808432630614,0.8130155820348305,0.0925756186984418,0.0551787351054078
1,60.0,triad,triad_13,0.41653416717514724,0.0663435322629506,0.5970917903665555,27.333333333333332,163.03673316173317,0.0,0.8819431714023831,0.0824931255728689,0.0276810265811182
2,120.0,triad,triad_13,0.6316584617014719,0.0751357875678937,0.41158720579360286,16.333333333333332,145.21618357487924,0.0014668133480014,0.8606527319398607,0.0898423175650898,0.0412541254125412
3,180.0,triad,triad_13,0.6929794922006999,0.033393501805054,0.5833333333333333,25.666666666666668,168.89236111111111,0.0,0.8551787351054079,0.0945921173235563,0.0370302474793767
4,240.0,triad,triad_13,0.5738905631842222,0.02473604826546,0.4497737556561085,26.0,169.02964743589743,0.0,0.8744041070773744,0.0403373670700403,0.055005500550055
5,300.0,triad,triad_13,0.5883324139003755,0.1366103739445114,0.5274427020506632,22.666666666666668,159.93174603174603,0.0,0.912557286892759,0.0498625114573785,0.0042163153070577
6,360.0,triad,triad_13,0.6203175109903146,0.0591787439613526,0.5691425120772946,19.0,163.39249512670563,0.0016501650165016,0.792995966263293,0.0748074807480748,0.0727906123945728
7,420.0,triad,triad_13,0.48969785712649455,0.12041564792176031,0.5430929095354522,28.333333333333332,157.90152359717578,0.1730522456461961,0.646012832263978,0.0984417965169569,0.0703941338221814
8,480.0,triad,triad_13,0.5466620473305537,0.14302957151478568,0.6074230537115267,21.333333333333332,153.09767195767196,0.0927759442610927,0.8307664099743308,0.0491382471580491,0.0187018701870187
9,540.0,triad,triad_13,0.7195213462023883,0.1499241274658573,0.5347496206373292,24.0,156.23753623188406,0.0494958753437213,0.7781851512373968,0.0612282309807516,0.0775435380384968
10,600.0,triad,triad_13,0.42875574825109597,0.0459905660377358,0.5212264150943394,14.0,161.84667184667185,0.0,0.2174220963172804,0.3930594900849858,0.348441926345609
