TSGroupNTP,P1_valid_blink_onsets,P2_valid_blink_onsets,group_name,P3_valid_blinks,P3_valid_blink_onsets
2023-11-06 16:16:00+00:00,1,7,dyad_01,,
2023-11-06 16:17:00+00:00,4,30,dyad_01,,
2023-11-06 16:18:00+00:00,5,30,dyad_01,,
2023-11-06 16:19:00+00:00,1,29,dyad_01,,
2023-11-06 16:20:00+00:00,3,28,dyad_01,,
2023-11-06 16:21:00+00:00,1,26,dyad_01,,
2023-11-06 16:22:00+00:00,2,41,dyad_01,,
2023-11-06 16:23:00+00:00,0,32,dyad_01,,
2023-11-06 16:24:00+00:00,4,33,dyad_01,,
2023-11-06 16:25:00+00:00,3,25,dyad_01,,
2023-11-06 16:26:00+00:00,1,32,dyad_01,,
2023-11-06 17:11:00+00:00,11,9,dyad_02,,
2023-11-06 17:12:00+00:00,41,35,dyad_02,,
2023-11-06 17:13:00+00:00,39,68,dyad_02,,
2023-11-06 17:14:00+00:00,24,19,dyad_02,,
2023-11-06 17:15:00+00:00,36,34,dyad_02,,
2023-11-06 17:16:00+00:00,29,14,dyad_02,,
2023-11-06 17:17:00+00:00,37,34,dyad_02,,
2023-11-06 17:18:00+00:00,19,30,dyad_02,,
2023-11-06 17:19:00+00:00,34,16,dyad_02,,
2023-12-19 11:27:00+00:00,13,17,dyad_03,,
2023-12-19 11:28:00+00:00,33,32,dyad_03,,
2023-12-19 11:29:00+00:00,31,34,dyad_03,,
2023-12-19 11:30:00+00:00,24,45,dyad_03,,
2023-12-19 11:31:00+00:00,24,38,dyad_03,,
2023-12-19 11:32:00+00:00,40,31,dyad_03,,
2023-12-19 11:33:00+00:00,39,35,dyad_03,,
2023-12-19 11:34:00+00:00,34,41,dyad_03,,
2023-12-19 11:35:00+00:00,36,34,dyad_03,,
2023-12-19 11:36:00+00:00,32,31,dyad_03,,
2023-12-19 11:37:00+00:00,26,34,dyad_03,,
2023-12-19 11:38:00+00:00,38,34,dyad_03,,
2023-12-19 11:39:00+00:00,16,8,dyad_03,,
2023-12-19 11:27:00+00:00,20,23,dyad_04,,
2023-12-19 11:28:00+00:00,40,45,dyad_04,,
2023-12-19 11:29:00+00:00,42,42,dyad_04,,
2023-12-19 11:30:00+00:00,44,41,dyad_04,,
2023-12-19 11:31:00+00:00,45,46,dyad_04,,
2023-12-19 11:32:00+00:00,37,44,dyad_04,,
2023-12-19 11:33:00+00:00,40,30,dyad_04,,
2023-12-19 11:34:00+00:00,32,35,dyad_04,,
2023-12-19 11:35:00+00:00,38,44,dyad_04,,
2023-12-19 11:36:00+00:00,36,37,dyad_04,,
2023-12-19 11:37:00+00:00,30,33,dyad_04,,
2023-12-19 11:38:00+00:00,17,10,dyad_04,,
2023-12-19 15:17:00+00:00,1,6,dyad_05,,
2023-12-19 15:18:00+00:00,22,25,dyad_05,,
2023-12-19 15:19:00+00:00,15,28,dyad_05,,
2023-12-19 15:20:00+00:00,19,18,dyad_05,,
2023-12-19 15:21:00+00:00,21,40,dyad_05,,
2023-12-19 15:22:00+00:00,20,27,dyad_05,,
2023-12-19 15:23:00+00:00,11,36,dyad_05,,
2023-12-19 15:24:00+00:00,21,32,dyad_05,,
2023-12-19 15:25:00+00:00,17,38,dyad_05,,
2023-12-19 15:26:00+00:00,18,29,dyad_05,,
2023-12-19 15:27:00+00:00,18,32,dyad_05,,
2023-12-19 15:28:00+00:00,10,22,dyad_05,,
2023-12-19 15:19:00+00:00,0,6,dyad_06,,
2023-12-19 15:20:00+00:00,11,30,dyad_06,,
2023-12-19 15:21:00+00:00,12,42,dyad_06,,
2023-12-19 15:22:00+00:00,14,34,dyad_06,,
2023-12-19 15:23:00+00:00,12,32,dyad_06,,
2023-12-19 15:24:00+00:00,9,37,dyad_06,,
2023-12-19 15:25:00+00:00,15,39,dyad_06,,
2023-12-19 15:26:00+00:00,13,54,dyad_06,,
2023-12-19 15:27:00+00:00,17,41,dyad_06,,
2023-12-19 15:28:00+00:00,20,37,dyad_06,,
2023-12-19 15:18:00+00:00,16,40,dyad_07,,
2023-12-19 15:19:00+00:00,24,34,dyad_07,,
2023-12-19 15:20:00+00:00,28,47,dyad_07,,
2023-12-19 15:21:00+00:00,17,51,dyad_07,,
2023-12-19 15:22:00+00:00,22,49,dyad_07,,
2023-12-19 15:23:00+00:00,15,47,dyad_07,,
2023-12-19 15:24:00+00:00,19,48,dyad_07,,
2023-12-19 15:25:00+00:00,24,37,dyad_07,,
2023-12-19 15:26:00+00:00,31,38,dyad_07,,
2023-12-19 15:27:00+00:00,19,33,dyad_07,,
2023-12-19 15:28:00+00:00,30,24,dyad_07,,
2024-05-07 13:16:00+00:00,15,8,dyad_08,,
2024-05-07 13:17:00+00:00,58,24,dyad_08,,
2024-05-07 13:18:00+00:00,66,31,dyad_08,,
2024-05-07 13:19:00+00:00,67,26,dyad_08,,
2024-05-07 13:20:00+00:00,72,33,dyad_08,,
2024-05-07 13:21:00+00:00,59,31,dyad_08,,
2024-05-07 13:22:00+00:00,60,25,dyad_08,,
2024-05-07 13:23:00+00:00,54,22,dyad_08,,
2024-05-07 13:24:00+00:00,65,22,dyad_08,,
2024-05-07 13:25:00+00:00,51,24,dyad_08,,
2024-05-07 13:26:00+00:00,49,28,dyad_08,,
2024-05-07 13:27:00+00:00,72,24,dyad_08,,
2024-05-07 13:28:00+00:00,72,18,dyad_08,,
2024-05-07 13:29:00+00:00,47,24,dyad_08,,
2024-05-07 13:30:00+00:00,12,4,dyad_08,,
2024-06-14 11:34:00+00:00,1,13,dyad_09,,
2024-06-14 11:35:00+00:00,3,19,dyad_09,,
2024-06-14 11:36:00+00:00,1,18,dyad_09,,
2024-06-14 11:37:00+00:00,4,13,dyad_09,,
2024-06-14 11:38:00+00:00,11,27,dyad_09,,
2024-06-14 11:39:00+00:00,12,42,dyad_09,,
2024-06-14 11:40:00+00:00,5,23,dyad_09,,
2024-06-14 11:41:00+00:00,5,36,dyad_09,,
2024-06-14 11:42:00+00:00,7,24,dyad_09,,
2024-06-14 11:43:00+00:00,2,19,dyad_09,,
2024-06-14 15:36:00+00:00,42,21,dyad_10,,
2024-06-14 15:37:00+00:00,26,26,dyad_10,,
2024-06-14 15:38:00+00:00,31,30,dyad_10,,
2024-06-14 15:39:00+00:00,19,10,dyad_10,,
2024-06-14 15:40:00+00:00,29,35,dyad_10,,
2024-06-14 15:41:00+00:00,23,11,dyad_10,,
2024-06-14 15:42:00+00:00,15,4,dyad_10,,
2024-11-04 17:06:00+00:00,11,22,dyad_11,,
2024-11-04 17:07:00+00:00,19,33,dyad_11,,
2024-11-04 17:08:00+00:00,25,35,dyad_11,,
2024-11-04 17:09:00+00:00,24,32,dyad_11,,
2024-11-04 17:10:00+00:00,11,37,dyad_11,,
2024-11-04 17:11:00+00:00,16,37,dyad_11,,
2024-11-04 17:12:00+00:00,18,37,dyad_11,,
2024-11-04 17:13:00+00:00,25,38,dyad_11,,
2024-11-04 17:14:00+00:00,13,41,dyad_11,,
2024-11-04 17:15:00+00:00,1,6,dyad_11,,
2023-10-23 16:02:00+00:00,7,19,triad_01,504.0,40.0
2023-10-23 16:03:00+00:00,12,9,triad_01,300.0,20.0
2023-10-23 16:04:00+00:00,11,19,triad_01,752.0,52.0
2023-10-23 16:05:00+00:00,12,16,triad_01,433.0,30.0
2023-10-23 16:06:00+00:00,18,42,triad_01,483.0,38.0
2023-10-23 16:07:00+00:00,23,39,triad_01,489.0,34.0
2023-10-23 16:08:00+00:00,15,22,triad_01,554.0,32.0
2023-10-23 16:09:00+00:00,5,13,triad_01,148.0,12.0
2023-10-23 16:10:00+00:00,17,17,triad_01,334.0,20.0
2023-10-23 16:11:00+00:00,10,18,triad_01,274.0,21.0
2023-10-23 16:12:00+00:00,15,39,triad_01,902.0,63.0
2023-10-23 16:13:00+00:00,13,44,triad_01,764.0,50.0
2023-10-23 16:14:00+00:00,6,33,triad_01,507.0,34.0
2023-12-19 11:27:00+00:00,4,4,triad_03,78.0,4.0
2023-12-19 11:28:00+00:00,14,33,triad_03,403.0,21.0
2023-12-19 11:29:00+00:00,24,28,triad_03,357.0,19.0
2023-12-19 11:30:00+00:00,14,30,triad_03,141.0,10.0
2023-12-19 11:31:00+00:00,13,26,triad_03,201.0,12.0
2023-12-19 11:32:00+00:00,27,27,triad_03,185.0,15.0
2023-12-19 11:33:00+00:00,23,30,triad_03,219.0,12.0
2023-12-19 11:34:00+00:00,13,34,triad_03,234.0,13.0
2023-12-19 11:35:00+00:00,20,34,triad_03,209.0,11.0
2023-12-19 11:36:00+00:00,16,28,triad_03,283.0,16.0
2023-12-19 11:37:00+00:00,16,29,triad_03,284.0,16.0
2023-12-19 11:38:00+00:00,0,0,triad_03,0.0,0.0
2023-12-19 13:26:00+00:00,1,3,triad_04,152.0,9.0
2023-12-19 13:27:00+00:00,1,10,triad_04,479.0,28.0
2023-12-19 13:28:00+00:00,2,16,triad_04,290.0,20.0
2023-12-19 13:29:00+00:00,3,11,triad_04,304.0,19.0
2023-12-19 13:30:00+00:00,3,9,triad_04,264.0,17.0
2023-12-19 13:31:00+00:00,2,14,triad_04,194.0,11.0
2023-12-19 13:32:00+00:00,1,8,triad_04,308.0,21.0
2023-12-19 13:33:00+00:00,3,20,triad_04,470.0,28.0
2023-12-19 13:34:00+00:00,0,13,triad_04,314.0,20.0
2023-12-19 13:35:00+00:00,0,10,triad_04,419.0,25.0
2023-12-19 13:36:00+00:00,6,6,triad_04,431.0,28.0
2023-12-19 13:37:00+00:00,2,14,triad_04,397.0,23.0
2023-12-19 13:38:00+00:00,3,10,triad_04,545.0,34.0
2023-12-19 13:39:00+00:00,1,1,triad_04,70.0,3.0
2024-05-07 13:16:00+00:00,5,4,triad_05,55.0,6.0
2024-05-07 13:17:00+00:00,23,4,triad_05,611.0,55.0
2024-05-07 13:18:00+00:00,29,10,triad_05,814.0,76.0
2024-05-07 13:19:00+00:00,31,7,triad_05,678.0,58.0
2024-05-07 13:20:00+00:00,28,5,triad_05,754.0,68.0
2024-05-07 13:21:00+00:00,18,6,triad_05,654.0,61.0
2024-05-07 13:22:00+00:00,20,6,triad_05,677.0,63.0
2024-05-07 13:23:00+00:00,17,8,triad_05,544.0,48.0
2024-05-07 13:24:00+00:00,21,12,triad_05,611.0,56.0
2024-05-07 13:25:00+00:00,21,7,triad_05,545.0,50.0
2024-05-07 13:26:00+00:00,30,11,triad_05,623.0,48.0
2024-05-07 13:27:00+00:00,15,3,triad_05,380.0,31.0
2024-05-07 13:17:00+00:00,8,7,triad_06,95.0,7.0
2024-05-07 13:18:00+00:00,12,12,triad_06,298.0,23.0
2024-05-07 13:19:00+00:00,10,6,triad_06,177.0,16.0
2024-05-07 13:20:00+00:00,16,3,triad_06,249.0,22.0
2024-05-07 13:21:00+00:00,7,3,triad_06,357.0,28.0
2024-05-07 13:22:00+00:00,16,11,triad_06,264.0,20.0
2024-05-07 13:23:00+00:00,13,13,triad_06,351.0,28.0
2024-05-07 13:24:00+00:00,14,17,triad_06,266.0,21.0
2024-05-07 13:25:00+00:00,14,9,triad_06,399.0,32.0
2024-05-07 13:26:00+00:00,12,11,triad_06,277.0,27.0
2024-05-07 13:27:00+00:00,14,0,triad_06,288.0,25.0
2024-06-14 13:31:00+00:00,7,7,triad_07,145.0,11.0
2024-06-14 13:32:00+00:00,17,12,triad_07,124.0,10.0
2024-06-14 13:33:00+00:00,10,13,triad_07,117.0,10.0
2024-06-14 13:34:00+00:00,13,11,triad_07,69.0,5.0
2024-06-14 13:35:00+00:00,13,10,triad_07,65.0,5.0
2024-06-14 13:36:00+00:00,3,10,triad_07,30.0,3.0
2024-06-14 13:37:00+00:00,7,10,triad_07,33.0,2.0
2024-06-14 13:38:00+00:00,2,1,triad_07,11.0,1.0
2024-06-14 15:36:00+00:00,21,16,triad_08,169.0,16.0
2024-06-14 15:37:00+00:00,38,24,triad_08,37.0,3.0
2024-06-14 15:38:00+00:00,17,13,triad_08,49.0,7.0
2024-06-14 15:39:00+00:00,18,7,triad_08,30.0,4.0
2024-06-14 15:40:00+00:00,10,14,triad_08,48.0,5.0
2024-06-14 15:41:00+00:00,9,8,triad_08,90.0,7.0
2024-06-14 15:42:00+00:00,6,8,triad_08,41.0,5.0
2024-06-14 15:35:00+00:00,4,14,triad_09,71.0,8.0
2024-06-14 15:36:00+00:00,5,29,triad_09,350.0,34.0
2024-06-14 15:37:00+00:00,18,16,triad_09,472.0,47.0
2024-06-14 15:38:00+00:00,13,29,triad_09,327.0,30.0
2024-06-14 15:39:00+00:00,15,33,triad_09,376.0,38.0
2024-06-14 15:40:00+00:00,16,26,triad_09,402.0,42.0
2024-06-14 15:41:00+00:00,21,30,triad_09,357.0,35.0
2024-06-14 15:42:00+00:00,8,21,triad_09,172.0,18.0
2023-10-30 16:08:00+00:00,7,3,triad_02,117.0,8.0
2023-10-30 16:09:00+00:00,30,8,triad_02,264.0,16.0
2023-10-30 16:10:00+00:00,32,16,triad_02,357.0,23.0
2023-10-30 16:11:00+00:00,35,5,triad_02,236.0,15.0
2023-10-30 16:12:00+00:00,34,8,triad_02,521.0,27.0
2023-10-30 16:13:00+00:00,30,18,triad_02,265.0,15.0
2023-10-30 16:14:00+00:00,37,6,triad_02,210.0,14.0
2023-10-30 16:15:00+00:00,26,9,triad_02,249.0,15.0
2023-10-30 16:16:00+00:00,3,3,triad_02,32.0,2.0
2024-05-07 11:36:00+00:00,11,9,triad_11,81.0,8.0
2024-05-07 11:37:00+00:00,33,24,triad_11,267.0,23.0
2024-05-07 11:38:00+00:00,33,16,triad_11,241.0,18.0
2024-05-07 11:39:00+00:00,30,20,triad_11,310.0,27.0
2024-05-07 11:40:00+00:00,18,6,triad_11,97.0,8.0
2024-05-07 11:36:00+00:00,1,3,triad_10,19.0,2.0
2024-05-07 11:37:00+00:00,13,17,triad_10,174.0,18.0
2024-05-07 11:38:00+00:00,12,21,triad_10,163.0,16.0
2024-05-07 11:39:00+00:00,16,23,triad_10,187.0,17.0
2024-05-07 11:40:00+00:00,19,17,triad_10,243.0,21.0
2024-05-07 11:41:00+00:00,12,15,triad_10,153.0,16.0
2024-05-07 11:42:00+00:00,18,20,triad_10,147.0,17.0
2024-05-07 11:43:00+00:00,16,21,triad_10,156.0,17.0
2024-11-04 15:46:00+00:00,3,1,triad_14,32.0,2.0
2024-11-04 15:47:00+00:00,19,16,triad_14,194.0,17.0
2024-11-04 15:48:00+00:00,23,17,triad_14,256.0,24.0
2024-11-04 15:49:00+00:00,12,16,triad_14,207.0,18.0
2024-11-04 15:50:00+00:00,20,10,triad_14,180.0,18.0
2024-11-04 15:51:00+00:00,27,19,triad_14,195.0,17.0
2024-11-04 15:52:00+00:00,32,19,triad_14,311.0,28.0
2024-11-04 15:53:00+00:00,27,8,triad_14,337.0,30.0
2024-11-04 15:54:00+00:00,21,15,triad_14,157.0,16.0
2024-11-04 15:55:00+00:00,19,11,triad_14,243.0,22.0
2024-11-04 15:56:00+00:00,11,11,triad_14,195.0,17.0
2024-11-11 15:49:00+00:00,5,16,triad_12,252.0,15.0
2024-11-11 15:50:00+00:00,11,37,triad_12,250.0,15.0
2024-11-11 15:51:00+00:00,8,28,triad_12,436.0,23.0
2024-11-11 15:52:00+00:00,24,29,triad_12,232.0,14.0
2024-11-11 15:53:00+00:00,16,27,triad_12,324.0,16.0
2024-11-11 15:54:00+00:00,26,21,triad_12,346.0,19.0
2024-11-11 15:55:00+00:00,30,28,triad_12,250.0,14.0
2024-11-11 15:56:00+00:00,22,33,triad_12,356.0,17.0
2024-11-11 15:57:00+00:00,0,0,triad_12,0.0,0.0
2024-11-18 15:50:00+00:00,12,11,triad_13,105.0,9.0
2024-11-18 15:51:00+00:00,37,24,triad_13,259.0,21.0
2024-11-18 15:52:00+00:00,23,8,triad_13,223.0,18.0
2024-11-18 15:53:00+00:00,32,30,triad_13,166.0,15.0
2024-11-18 15:54:00+00:00,32,26,triad_13,232.0,20.0
2024-11-18 15:55:00+00:00,35,15,triad_13,178.0,18.0
2024-11-18 15:56:00+00:00,18,20,triad_13,201.0,19.0
2024-11-18 15:57:00+00:00,39,23,triad_13,206.0,23.0
2024-11-18 15:58:00+00:00,25,18,triad_13,192.0,21.0
2024-11-18 15:59:00+00:00,23,25,triad_13,232.0,24.0
2024-11-18 16:00:00+00:00,18,11,triad_13,136.0,13.0
